,date,flu,cough,fever,headache,lagnat,rashes,sipon,ubo,ecq,face-shield,Frontliners,masks,Quarantine,social-distancing,work-from-home
0,2020-03-17,-2.9289321881345245,-0.7425738329952942,-0.15349808696344525,0.3313500399772984,1.3550819613108835,1.149580090859743,-0.20204102886728847,-0.8215941270881082,0.0,0.0,1.1573220987924144,-0.4977799061552499,-3.217670016874732,-2.0,-0.15114219820389607
1,2020-03-18,-0.9066538088964995,0.27199391495139835,0.0,-0.8529441919521314,0.46204464413922963,-3.1908559651974846,-1.8607050379389394,-0.2325165128427784,2.23606797749979,7.54983443527075,0.8455831609716729,0.0,-0.6179159801562921,-0.3188542521313922,-0.9606633844805152
2,2020-03-19,0.0,-0.6671250152444284,-0.20852673432752056,-0.750827159476847,-1.8171266054501132,1.5330105755656893,0.06274606680622785,0.2325165128427784,-2.23606797749979,-0.26972454599023177,-1.3856637029973546,1.5242938797928067,-0.16441400296897601,-0.6100779360031323,-0.8881944173155887
3,2020-03-20,-0.24833421986935988,-0.23410426466802825,0.259961364303825,-0.19957461876824567,0.07036061667737492,0.38422689413609135,0.12403840463596083,0.8738651595440903,2.23606797749979,-0.7993691908726577,0.7401205700521105,-2.142209859949099,0.2449979983983983,0.14003473906250274,0.18535277187245036
4,2020-03-21,-0.1715171365615875,0.6292353649610583,0.2532056551910369,1.583801512904337,2.8585715714571496,-1.0717967697244912,-1.4907888239251612,-0.21083152697857876,-0.2360679774997898,-6.48074069840786,0.468744849237237,1.9596244016669848,0.15812623903445022,-1.4665399043899496,-2.1853527718724504
5,2020-03-22,0.0,0.6914092066715458,-0.9446148618625827,0.4868329805051381,-1.5147186257614305,2.76715648455715,1.85203179352777,-2.5251769192458156,0.0,8.366600265340756,1.3604388674454873,0.5362156332084265,-0.15812623903445022,0.888686934172771,0.40312423743284853
6,2020-03-23,0.1715171365615875,0.2532056551910369,-0.7487612752193424,-0.8265789426607508,-1.2741788233105913,0.25451465623354075,-2.3208673712695935,2.5251769192458156,0.2360679774997898,0.40836412205136696,0.2828993206524695,-0.47490126597193694,-0.16223546810017897,-0.6332495807107996,0.945344990916686
7,2020-03-24,-0.7199273603929841,-0.5660188679433968,0.5815705543975138,0.5048973520672924,0.33873188434277157,-0.4104823568967433,1.5167317448996318,-0.7785062526042328,0.21342176528338808,0.6590167446644806,0.7261513822657939,-1.62791424757045,-0.1666827471986032,0.9282032302755088,-0.2070407998066841
8,2020-03-25,0.18901238442787172,-0.2688297421449235,-0.17039653023424073,-0.4473535028303317,-0.7675044521454817,-0.9370667471268295,1.0938186395235148,0.725053786046189,0.8671350475722219,-2.01778264496094,-0.1912872407789381,1.3165693497098108,0.0,-0.29495364956470915,0.6045382638719836
9,2020-03-26,-0.18901238442787172,0.530208324920979,0.33758725105606935,0.28220211291865205,0.8334431227386405,0.34194664295653254,0.3354691917521766,0.6726209469111843,-0.4881976656092095,0.8904253758224119,0.25403330758516596,-1.3165693497098108,0.08392021690038387,-1.8374180573980805,-0.6748988805493585
10,2020-03-27,-0.09713290911384753,-1.2100783405940891,-0.22362427180956956,0.0,-0.5447052939984331,0.27527254729372785,-1.173179645950527,-1.3976747329573733,0.6356744903915641,1.6933761370819251,0.42614977317635905,-0.15431428686915183,-0.3431457505076194,1.4491664750856792,0.3451306752301875
11,2020-03-28,0.09713290911384753,0.28968301315355305,-0.7695031180292986,0.5393920141694561,1.0529705927704853,0.527249887516076,0.3693699297243027,0.6712932284530773,-0.14747682478235458,-1.573850226823641,0.4056110931514887,1.9034996254852263,-0.8610227261796615,-1.1459784848056138,-2.620366963782944
12,2020-03-29,-0.09713290911384753,-0.4683405244740477,0.18395350293677204,-0.9953882688519258,-8.12403840463596,-0.36596282516210366,-0.756789427647325,-2.491288512370436,0.14747682478235458,-0.8103766673124504,-0.5855496150925266,0.0,0.10314796225363665,0.0,0.6813940517389421
13,2020-03-30,-0.40860375376935476,-1.0955213119900966,-0.308957318041549,0.7296147501781736,6.782329983125268,0.5186634169648059,-0.4084060067278994,-0.14908040241446852,0.6590040104799062,1.4396120322735086,0.2977924940822092,-1.5242938797928067,0.39252313656282567,0.468744849237237,0.6871884279173148
14,2020-03-31,-0.6904157598234297,-0.21110255092797825,-0.12700425728711817,-0.4418576291678562,-6.782329983125268,-1.5328946712709097,0.2070407998066841,0.0,0.6727258976950585,-1.4396120322735086,0.5113813928198869,0.7009847904226145,0.0,-0.468744849237237,1.0466885479590022
15,2020-04-01,0.0,-0.21767001687473186,-0.5991471249786757,-0.5855496150925266,8.306623862918075,0.40836412205136696,-0.06835933906901648,0.3667504192892004,0.3031879902800654,-0.47434467732105823,-0.11111322813825808,1.844064279540933,0.0,-0.20004002802642873,-0.2828993206524695
16,2020-04-02,0.0,0.28873782874020737,0.4046705549359304,1.7537887487646788,-1.5242938797928067,1.2250356126078774,-0.7226713649785177,2.110433579144299,0.6455431329452441,2.2925527035137527,1.0056024610670402,0.6726209469111843,-0.09535019942254941,0.10102051443364424,-0.6832052318771105
17,2020-04-03,-0.25834261322605867,-0.7465124915287165,-0.47434467732105823,-1.1682391336721523,0.28873782874020737,-1.4559962546824696,-0.9005842748096198,-3.633208004092638,0.3381998837601907,-9.433981132056603,-0.2030800262572363,-0.6726209469111843,-0.09713290911384753,-0.641101056459326,0.07955732193836074
18,2020-04-04,0.38144823884371926,0.38364861216261037,0.4084060067278994,0.6022202657287554,-7.0710678118654755,-0.05872237107896083,0.42590828080583876,1.305104408073607,0.16223546810017897,9.38083151964686,0.2532056551910369,-0.7833753077712853,0.09713290911384753,0.33151681628275576,-1.4255758347704033
19,2020-04-05,0.349030329381919,-0.7921241493997533,-0.4787666234052743,-1.496727198862831,0.0,-1.2051714849580515,0.7728920701028246,-6.782329983125268,0.31244052590360205,-1.0742076567287846,-0.6191684803531405,0.4559962546824696,0.28107315234502916,-0.33151681628275576,0.10102051443364424
20,2020-04-06,-0.22949526788029484,0.24833421986935988,-0.14286458158996673,1.282290524099115,8.06225774829855,1.2638938560370123,-1.1988003509086633,6.164414002968976,3.4425614756979996,-0.1212710910456245,0.10600146085827866,0.8994949366116654,1.1560240056591384,0.33151681628275576,1.2449979983983983
21,2020-04-07,-0.36965734091186775,0.23871023446387252,-0.21999929777613936,-0.4445800699007645,-8.06225774829855,0.7296147501781736,-0.08908988666235906,-6.164414002968976,-0.10050506338833465,1.6635050299236536,-1.1802091175870633,-1.6532836853763442,-1.065485217880778,0.20856372574292603,0.31244052590360205
22,2020-04-08,-0.2674320707434279,-0.40312423743284853,-0.38364861216261037,-0.4683405244740477,0.0,-1.273618495495704,1.4322356371699785,6.928203230275509,-3.117164953486397,-2.299023366525354,0.11952591025828418,-0.18395350293677204,-1.095628407830442,-0.42684353056677615,0.22489145882326778
23,2020-04-09,0.0,0.32455532033675905,0.4577746627885091,0.6933761370819251,0.0,0.12403840463596083,-7.0,0.5551115432723739,-1.3971651759907644,0.3874194979230223,-0.2407970013039087,0.48174599701898124,-0.5991526087921626,-0.349030329381919,-1.6833104695324836
24,2020-04-10,0.9770244194918507,0.3086942603740406,-0.07412605062589872,0.5393920141694561,0.0,0.2425618607047948,0.0,-7.483314773547883,-0.09366218500532231,-0.7958255046509217,-0.7691542847767874,0.23096064207459222,-0.1313259594334757,-4.123105625617661,-0.6268835585932049
25,2020-04-11,-0.5825756949558398,-0.7171697976111835,0.7079945545962936,-0.15856049452259668,0.0,0.23572500170187105,7.483314773547883,7.3484692283495345,0.09366218500532231,1.3438529456957191,-0.9354577886878026,-0.4683405244740477,0.25834261322605867,4.123105625617661,-0.4721359549995796
26,2020-04-12,-0.5358983848622456,-0.3483154202695946,-0.20509593616768473,-0.2703979405025603,7.211102550927978,-0.23572500170187105,1.0606889717696477,-0.8677285299416742,1.0179594302983448,-8.48528137423857,0.9354577886878026,-1.0265139736375568,0.0,0.11953506150162418,0.0
27,2020-04-13,0.40888173106966264,0.6772336355683768,0.0690073383525398,-0.9250808072718488,-7.211102550927978,1.5832741057254438,-8.54400374531753,1.0690937368628894,0.945344990916686,8.48528137423857,-0.416198487095663,0.3356632165833906,0.5825756949558398,0.7573593128807152,3.2111025509279782
28,2020-04-14,-0.2674320707434279,-0.7677724233467371,0.0,1.195478747774409,0.0,-0.7303299137733124,5.830951894845301,-0.9923959109687495,-0.13736667742155628,-0.48528137423856954,0.21110255092797825,-0.47434467732105823,-0.11043973995626022,0.09901951359278449,-1.3801506560826775
29,2020-04-15,0.0,0.6055369552465582,-0.0690073383525398,-0.2703979405025603,0.0,-1.6697100220221373,1.3104765336975497,-0.39302452133302435,0.7261513822657939,0.48528137423856954,0.6629053230838329,2.7074293732532535,0.0,0.3782060614588767,0.16904810515469926
30,2020-04-16,2.481078534156835,-0.3381998837601907,-0.6536640266259779,-0.6842838059679401,7.810249675906654,1.5605991438735494,-0.6274996450740318,-0.5966496401389545,0.12500381510477698,inf,-0.2172591628634306,-1.3635764275575344,4.904727859750581,1.6669599153512538,0.9564966264998027
31,2020-04-17,2.274853836776,-0.08770839704564803,0.5839899042408501,0.793394684116528,-0.46178044755711944,-0.3354691917521766,0.15742184419841276,0.4664099663826953,-0.5124233130277993,,-0.2513409097044992,1.4013113796730146,0.3784530418006522,1.9385439262487214,0.8814034665080852
32,2020-04-18,-0.021755968816897564,0.25922553360723555,-0.5839899042408501,-0.9129205943748122,inf,0.8166986592333156,inf,-0.5488999245801054,0.0,,0.3474755940938552,-2.7045648110103695,-0.41565883619441557,inf,0.14975189028174096
33,2020-04-19,1.0333891085696152,-0.5309149759651124,0.4069599945471536,0.9129205943748122,,-0.9314090087810509,,-5.485274404632611,1.0524908317718769,-inf,-0.5464095352083804,-0.20862900167483556,0.12698586070514928,,-1.5448937535534686
34,2020-04-20,-0.4592332341570078,0.7792491958344723,0.027797445683026112,-0.8529441919521314,,-0.5362156332084265,-inf,0.0,0.725053786046189,6.837397165588672,0.2723046030438727,1.4527975796430779,0.5876621028962461,-inf,3.6767409890052214
35,2020-04-21,-0.7105462251668246,-0.5966496401389545,0.08067362565799385,0.6333997346592444,-inf,-0.12403840463596083,-0.35026056860175103,0.0,0.2642839935366226,2.5294258732851587,0.06672694488821396,0.2761353353594078,0.16782016403075417,1.107872385460297,0.2906591896378625
36,2020-04-22,-0.3519749518269757,-0.468744849237237,-0.11854090866586642,-0.28220211291865205,9.961357410898492,1.1651513899116797,0.7412068968578032,0.0,-0.05227103245598208,-1.7208013748636128,0.014224526617887534,0.48514289297435553,-0.8171934677035946,-0.989522143222958,-0.8463788086657651
37,2020-04-23,0.93275559001827,0.02017729309354266,0.3624843711959187,0.05716650031077464,-2.3514081172421566,0.054393067381207416,0.18545527617333413,6.220271668023794,-1.5741156531748581,inf,0.43037868768523246,-2.017106195248328,1.331917343722166,-0.6696566095016685,-0.4131505519002179
38,2020-04-24,-0.18885130213601187,0.5702978164710348,-0.26687634660216286,-0.05716650031077464,-7.609949293656335,0.3218202993511632,0.24697071039718743,-6.220271668023794,-0.3231711689218404,,-0.3179842889600719,-1.1316868051892257,1.5719676246686962,-0.21590844347725202,-0.034420253450319294
39,2020-04-25,0.8404992524550412,-0.5896123727740408,0.4278427106332341,0.6095811660074677,0.0,-0.006744577504006699,-7.715701764187826,0.0,-2.9656321555899527,,-0.5386735698623983,1.5441788885676404,-4.319177422617936,0.6155257258147611,-0.4680466070396019
40,2020-04-26,-0.4735665505246356,1.2033168244035481,0.19572515522465483,-0.4956181867609679,8.064785513759023,-0.6031535992806152,0.0,0.0,-0.2917820190176057,,-0.3583359152247736,-7.582860637333307,-0.1368057443333388,-9.056327149398731,-0.6095002939768221
41,2020-04-27,-1.4447841756748918,-0.23418123168052496,-0.1921132584274563,0.056433550987740944,-8.064785513759023,0.5042112926765157,0.0,7.084824707349021,0.9578965525242609,,0.4976111456758723,8.323997842863811,0.23816141597731555,12.124360947477328,2.257925945028205
42,2020-04-28,2.004571554698181,0.012516395124359647,0.8858431289612003,0.38542407818011526,0.0,-2.0275431062724225,8.441852778635385,inf,0.6798578357568745,,0.13629298790212374,-0.1797324709729029,0.7049027442270202,-1.725503056065829,0.1908057052590717
43,2020-04-29,1.7092034899299957,2.6679436069869293,0.014696302906834546,-0.49865410810358135,0.0,0.03592787825233135,1.1009150847194213,,-0.332664519355542,,0.707504714322349,0.6124642298117564,-1.0530976346007659,0.4315847777900732,0.30682650710498116
44,2020-04-30,-0.17436046401760485,-1.2741587046979337,0.3750864859797005,-0.4683405244740477,inf,0.21508549126121235,-2.518923842370959,-inf,1.0860620334372602,,-0.8428546973939515,-1.3734040028605365,-0.2040760991758077,1.3917491552222483,-1.4244167225503936
45,2020-05-01,0.28178223675423375,1.4981320786758552,0.3073549777240352,1.4142483725355746,,1.2043974159241477,-7.023844020983847,-5.851053262532155,-0.7023193455126524,,-0.2085905735753819,-0.3727375895291827,-0.560279386077295,-3.3320301331674465,-0.806898189461549
46,2020-05-02,-1.894465619960437,-0.5658170853498934,0.319556300557883,-0.7362585208606074,-inf,0.4930383514193615,inf,0.0,-0.40741763461300007,,-0.36231947548717525,-0.04258512632868783,-0.7676632843344802,1.230770895222376,0.36335901280898675
47,2020-05-03,-0.15696427484165199,1.7023056707503308,-0.41477715583010166,-0.1584941600078178,0.0,-1.8549193216005992,-inf,0.0,-0.23444759454343878,,-1.3217866014641197,1.570936106648145,0.010791481468265474,-1.3221311685004764,-1.243745593913328
48,2020-05-04,-0.1449322774699393,-1.608774917503176,-0.3587520793171546,-0.6164711705971619,0.0,-0.29594561574818545,-8.993310020361017,inf,0.725840824561458,,0.9388563578144042,-1.9491731272890034,0.3764190602116333,0.13135759581816409,1.2502046589427955
49,2020-05-05,-1.9756756375158702,0.4195297150662345,-0.1130459119079017,-0.07417840974860823,0.0,0.8899078501212214,0.0,-inf,-0.2339221981645938,,0.9099476831679523,2.4903489417305513,-0.9346390576512054,-0.5949867366754216,1.0901305379962452
50,2020-05-06,-0.14708937921052634,-0.8113433392057416,0.753601576560671,0.25256790000002205,0.0,1.6772373635312299,0.0,inf,-0.49366572882729987,,-1.6800344770428426,-0.5237936235377987,0.023657223753380308,1.6915379971574982,-2.2987868278837436
51,2020-05-07,-0.2955780911324384,-0.020511099317365833,-1.3958460006194269,-0.1276423672816911,0.0,-1.3435361378410402,0.0,,3.5628869669411003,,2.803399475628942,-2.219952202242066,1.4434545660640419,0.11148006799527543,0.6075397296795941
52,2020-05-08,0.9024570353911558,-0.28210173190253407,0.7411106060310022,0.5767657216490871,0.0,0.5736251004447386,0.0,,-0.45374318040839867,,0.0,0.9607942000643268,-0.7553311411191848,0.20364175908537696,-0.33694785696397744
53,2020-05-09,-1.3864028366940966,-1.1313373533081181,-0.806392386888394,0.8815863824786607,0.0,0.3769627745538351,0.0,,0.330662066914714,,0.4767958671157171,-0.5766239242775972,-0.5248209023001351,-2.384580249474504,0.06277437707121791
54,2020-05-10,-0.15611659598082284,-0.08259886534937078,0.15613923495644677,-2.291464190328951,0.0,-0.5295848720015144,0.0,-inf,-0.77868893038411,-inf,-1.8662034871300843,-0.703309780698202,-0.2620037871045122,-0.2402630493559732,-0.30494177755601015
55,2020-05-11,1.3698672649297086,0.7337392277647554,0.1478511563663325,1.655415835572465,0.0,-0.054054948344196774,6.71394745533603,0.0,0.5654740928777926,inf,0.8743227787548058,1.8182127179712309,0.7967931199064289,0.5663614057082658,0.8553456261282619
56,2020-05-12,0.705878271746152,0.3478723234604244,-0.06705350134081023,-1.3257110529640812,0.0,0.5423129114486862,1.0589309023600526,0.0,-0.4228509142238259,,-0.877345268038205,0.4354278401784262,2.3944805481091436,0.004798970739944508,-0.08860105556345133
57,2020-05-13,-0.256022709943295,-0.3672997198722596,0.6133360667567853,1.1911037788224235,0.0,-3.176544594674974,-7.772878357696083,0.0,-2.2926500907516525,,0.28641647461280506,-0.01399018031283461,-3.5804304987081856,-0.1174253520077908,0.25298355129855743
58,2020-05-14,0.7147777632602175,-0.37728882515903095,-0.5933771368449161,-0.7522761317402811,7.940354725587422,0.10837929682425429,inf,0.0,-1.2550035820649565,,-0.39007454670469777,0.6258349153025389,-0.7983616376134623,1.1689389383761561,0.40710823544922725
59,2020-05-15,0.06335121464548799,1.4030333945458784,0.38979684363950895,0.36721589516246134,-7.940354725587422,-0.41110432966154153,-inf,0.0,-0.4225572982544037,,-0.25151624974533515,-1.1638215271335746,0.17826371946840602,-0.9967857443839101,0.24600442655995458
60,2020-05-16,0.9449943655242095,-0.26296186831774016,-0.515321746108226,1.1287684250430061,0.0,0.6211586319212223,inf,0.0,-0.027819436591512314,,0.05047769342265074,-0.45444173959656453,-0.07808583396013358,0.4668039361165306,-0.4818193243610587
61,2020-05-17,-0.20817207448041586,-0.002264275401424598,0.4674562052143205,-0.4567080988585648,inf,0.7049996705376911,,0.0,-0.6547377566818544,,-0.1159932771759431,2.0030035509957305,-0.5055120743925121,0.2578250722126949,-1.2589034609700427
62,2020-05-18,-0.308543046680537,0.8276664259445088,0.17424027926671926,0.5828181618783219,-inf,-0.09731004028765344,-inf,9.653886356776407,0.04469839902120487,,-0.4819242155355772,0.8567773537344276,-0.05678749677944994,0.010827780833571055,2.000924722110648
63,2020-05-19,-0.5865383138227074,-1.146501404146881,0.3812598906862039,-2.559132848123184,0.0,0.9589052607674962,inf,-0.9887630258613243,-0.44955561788565923,,0.2850198071598822,-0.696055722093222,-0.4026542760972691,-1.0094992640730887,-0.2649821569712021
64,2020-05-20,-0.6317323812735589,-0.3994089843698152,0.638531713672748,1.8186993156761968,0.0,-0.387530369718907,,-8.665123330915083,-0.2458757123674924,-inf,0.14000873520863077,-0.7401346622446354,0.15077198510615863,0.9525063021910132,-0.4479911296612826
65,2020-05-21,-0.39174874182466723,1.5427630290109482,-0.4233854810202011,-0.9702260109687284,inf,0.8534692430306405,,0.0,0.5711912287287291,0.8371366550813795,0.29528059589167377,0.9953867025315066,0.47161466603694047,-1.7103717383656996,-0.6372939498314629
66,2020-05-22,0.07789988476261911,0.5020934069579894,0.451609095154792,0.8299951254855618,-inf,0.30737471515959314,-inf,0.0,-0.5148797157780756,-0.5496949105346394,-1.2159200375972903,-1.6047014402794932,-0.5279286776843812,-0.14301457417634822,1.296303140722756
67,2020-05-23,0.1924040694552147,0.2693460657913569,0.5942377666417027,-0.12733283581941457,0.0,-2.0068440897012714,0.0,9.618539799179285,-0.2922864282903288,-0.899092356256241,0.1813177254445444,0.5443462854589427,-0.09691109111666973,0.39844898064831646,-0.8689692013278787
68,2020-05-24,-0.717711176949936,-0.8133548378008921,-0.5185863821988637,-0.3057492980776253,9.103993799244007,0.9554587687240623,0.0,-9.618539799179285,-0.15972160957745585,-0.1847323138294401,0.15984646415149584,0.6761046068439978,0.02464077176306745,-1.6337100373286049,-1.2891851398402405
69,2020-05-25,0.5855744052412568,-0.22316497092994148,-1.0541814114293135,0.8977466396634295,-9.103993799244007,-0.23992208887986433,inf,inf,0.5068962287204175,0.5446723903757862,-0.1103066042114591,0.40642489664360326,0.270041834418969,0.3990567083512504,1.4270624676171373
70,2020-05-26,-1.2340723535877238,0.23736505846536815,0.07221651988949773,0.4360635120478946,0.0,-0.11762138880255346,,-inf,0.1618677105161752,-0.20865548134696255,0.40533250568387125,-0.1275192285817166,0.2594917687822753,1.3444756510323996,0.25090668107588954
71,2020-05-27,0.5786372043114687,-1.312912393576271,-0.2649214515713858,-0.4354417158137682,0.0,-0.1881062155920814,-inf,0.0,-0.29375749842780996,0.3231704070899646,-0.5465105927016163,-0.9467043066912666,-0.0964894724495502,0.009441888113511432,0.3572979176118576
72,2020-05-28,1.3649727086478487,2.051454868276169,-0.14517390465614,-0.5676944563219859,0.0,-1.6922625737587396,0.0,0.0,0.1697392787227603,-0.5982370946224735,0.4151163631520767,-0.431831956585464,1.248604388597308,0.45747672551784024,-0.00789523300567474
73,2020-05-29,-0.5629601699511699,-1.7700555773942925,-0.38063273719452084,0.5549342528896233,8.564497755598088,1.360224547313833,inf,0.0,-0.14607053511851387,1.2753080410294384,-1.55820503433901,-0.6138730531304732,-0.5510437701715096,-1.69768813136558,-1.0228943757539355
74,2020-05-30,0.6744116125341755,-0.41312528503106716,-0.3161818246040937,-0.12440332128654497,-8.564497755598088,-0.9992557987079529,-inf,0.0,-0.5284361762658314,-0.343062404707676,0.6987700428355987,-0.7025573078549012,-1.0145721150265374,0.1783566291329688,0.3413077760692058
75,2020-05-31,-0.5531508709944584,0.2600064648080238,1.2074119018373448,0.6755823283346913,0.0,2.2085743186623716,7.0973376281327765,0.0,0.009615671266962611,0.9908350277497702,1.8966394418871397,0.7935274017091061,0.14468443035516776,1.0346049256458079,-0.08993614817157436
76,2020-06-01,0.26856563258348043,0.9278196417167095,-0.4682381326316669,-0.3673374926702557,0.0,-0.5629987644098096,inf,inf,0.2036954878059376,0.13844427818802174,-1.5387456076426682,-0.2615663831956967,0.014674546942732736,1.4687948166501545,1.1052441386310647
77,2020-06-02,-0.3251122734151517,0.6107654143224206,0.12089823705847635,-1.324978857033944,inf,0.521579087668246,-inf,-inf,-0.39717880419793117,-1.5628808579863689,0.05525416791975868,0.9289379040622165,-0.3925992956182669,-1.671041121471207,-0.7184297471133227
78,2020-06-03,-0.7806502183963779,0.23362420786208027,0.35051095974033153,0.7022588449862059,-inf,-1.3450809731171116,0.0,-9.21162030956133,0.008240750631809401,2.468215959405957,0.9003536938966787,-0.9101325697954223,-0.28916565263856464,0.46892595225761813,0.28493283855975626
79,2020-06-04,1.6495716532434122,0.14901667346697423,-0.054500133421491626,-0.2929699797544938,0.0,0.9835932114990049,inf,0.0,-0.22835397897594634,-1.261816744342676,1.0020405212724794,0.2987520153014227,0.009931154378111096,0.14553771138870797,-0.293191212920906
80,2020-06-05,-1.0696245442433483,-1.1567117932205484,-0.586175855257153,0.2216007296033169,0.0,-0.8190204861059103,-inf,9.83637612380892,0.006603699949304431,-0.27993465091642644,-1.7268553707748948,-0.40275002960924855,0.009063124082467677,-0.7514685793295444,-0.09416457506439357
81,2020-06-06,0.5840216987769278,1.34652590852712,0.9804678432881175,0.7023888422439057,0.0,0.705159144560854,inf,inf,0.006525454415758691,0.2373113246713645,0.8739095780843087,0.8303966780751155,0.16398854916038985,-0.2600885081985336,-1.1581174935734841
82,2020-06-07,-0.18311408732952295,-1.5541238830495416,-0.8551899872449766,-0.22104569165304078,0.0,-0.4020471675108066,,-inf,-0.2641608899959669,-1.9538519463512296,-1.1397021710825017,0.0034979230830991526,-0.3097347263707553,-0.4230530386206137,-1.9109244596547796
83,2020-06-08,-0.38243944422837295,1.366862008887722,0.41145580529476966,-0.22116035853895966,0.0,0.21681081642306843,,-9.43472053794468,0.5160940607382984,2.24509632618589,-5.530741381880326,-0.8786166721454736,0.17192470301644303,0.08448441165538068,1.7336520284260386
84,2020-06-09,-1.0388300710277294,-1.2082546115594504,-0.6552569553409366,-0.9068142553900689,0.0,-1.5299465233801968,-inf,8.404203444217535,0.006923380933185896,-0.6750280039987793,9.027502024966328,-0.2912767246895962,0.007817521032384978,0.37250224894544637,-0.33345353555778257
85,2020-06-10,0.07606901248230002,-0.45206481520766584,-0.06248280640507353,0.17266368621613815,0.0,0.88112223178973,inf,-0.5968219365099694,0.2241451604869522,-1.2501219189960118,-9.027502024966328,0.01183253245860616,-0.15762641154508916,-0.20895298240968696,0.6502854417706336
86,2020-06-11,0.7134233615766234,1.1281467982210822,-0.25498735178350884,0.11804840504889214,9.219717470013881,-0.23007468876373682,,1.2166239155015406,0.20029070958274398,0.1921500652568806,inf,0.9762724280437665,0.17142899853929938,0.07997546844575876,-0.11624869552050487
87,2020-06-12,0.3458476586643666,-0.8898075460070238,1.576963544118934,0.6676676705389912,-9.219717470013881,0.9388536188284062,,0.8090198029339639,2.584761312489111,-0.5144814222572274,,-0.049094322259423784,3.8784347418354708,-1.2027693926515237,-0.11832557744371641
88,2020-06-13,1.3836581116297753,1.6745242191959928,-0.4946184022778173,0.10759355942315274,0.0,-0.2427522743887094,,-1.0898589187721015,4.324825519020008,2.7491001160972663,,-0.23659670763123142,0.43665978359400004,-0.6271520311217174,-0.8719430005773869
89,2020-06-14,-0.20522955893366657,-1.0371703745453793,1.2142968921148949,0.05272053025838197,0.0,0.6260491247915327,,0.9828730394981182,1.6163016454549162,-8.70789384942516,,-0.512358600518418,0.9340469091871908,1.5484548756789964,0.4945337582810554
90,2020-06-15,-0.6325622880550874,0.8640604451251974,-1.5825486645445732,-1.2079260800152145,0.0,-1.371401410540729,-inf,inf,2.6420964709737262,8.38739676805469,,0.7205428031454097,2.4746963932119623,0.585245607862757,-1.0796162256055775
91,2020-06-16,-1.3333532878976007,-0.49020741130543755,0.1252582348559983,0.30140939067142725,9.09252679329675,1.990194637490461,-0.47935717179202975,-inf,-3.826902414717228,0.9136688743254915,,0.7813575539205786,-2.2003763536115777,-0.4845700177239065,1.2288604356062542
92,2020-06-17,2.261380894418388,-0.5104423981303974,-0.0010455651827196988,0.3482445049619738,-9.09252679329675,-1.0244376920262308,-0.12194037014952919,2.8192548851535797,-2.8409372939951094,-0.010698446830577524,-inf,-1.1847911035646206,-1.3913359948983643,0.1291775248817535,0.26728370317216843
93,2020-06-18,0.45486742713301354,-0.679731603445175,0.34351279677426483,-0.8409389310790436,9.410796576470217,-0.7682833451318754,-0.13289125995341244,inf,-1.7110645993786902,-0.5370645280894557,7.3816938712061235,-0.6212402323124131,-0.21308351897752864,-1.4053022802350013,0.3761200493572554
94,2020-06-19,-0.039518561972828437,1.7155345426777302,-0.7546417295984096,-0.7992522348406021,-9.410796576470217,0.5191266784834863,0.7670143564093443,-inf,0.08860612746060692,0.6783512470732962,-7.3816938712061235,0.008256780717083245,-0.4431813940600007,1.4878299847819125,0.062319540975584786
95,2020-06-20,-1.3004185434883073,0.2872252808556883,0.2461924598522529,2.2406452715797816,0.0,0.13020599387825182,-0.7900479781593202,-9.635961506364279,-1.2357285435451155,0.5777699664005027,7.73964436712032,1.2560687159928623,-0.2063436613476748,0.42273521940769143,-1.2437157109139232
96,2020-06-21,-0.7009937307664584,-0.16029828570742843,0.0055143787737002015,-0.3838929200416601,0.0,-1.1813304871151757,0.32724651686511486,8.998682586099086,-0.5180123814560891,inf,-7.73964436712032,-1.169567422829406,-0.2020127841118775,-7.417683745642381,0.001389123677506987
97,2020-06-22,1.3418067693885591,-0.9752212932432407,0.688528099970469,0.7454736442313319,0.0,3.3402435725776707,-0.03888319009057284,-2.1035503801079285,1.150757858035416,,inf,-0.28177249055857434,-0.0816434053692987,7.378254728300798,1.4866880804074398
98,2020-06-23,-0.8364434337382711,0.6556163132904036,0.13392521650090217,-1.5647393900991897,0.0,-0.9642935292819441,1.0087242549792315,0.1487252128044929,-0.25326342101776333,,,-1.560930626507778,0.041513538021060725,-1.0462768407576961,-0.29775661363355077
99,2020-06-24,0.48913018096277483,0.2585054214051876,-0.4450942873232222,0.9232658948780976,9.983706754927473,1.1882732554536997,-1.2885981542465004,0.7567657745731875,-0.8545023900509126,-inf,,1.3523632618311945,0.14456922763167235,1.012094170078715,1.0913580711883792
100,2020-06-25,0.5756087115647279,-0.265278883671737,-0.11540158901884467,0.6345815342502821,-9.983706754927473,-0.6190024281117967,0.3788781231557792,0.6333371774417715,0.34385941944349163,0.9248671199106528,,0.44842258780920474,-0.07569775556608782,-1.7725835423023808,0.729129651300207
101,2020-06-26,0.48212243503930097,-1.8235250029152539,0.17420221375685507,-0.838355587379608,0.0,-0.09016417067454086,0.6699804643138183,-0.7041080093111205,0.11694799009902557,-0.17253224660756317,,-1.0924846369896448,-0.2956188036897194,1.798753539931269,-1.5660898055714174
102,2020-06-27,-1.5568495543019836,1.182112977780264,0.7041611413522908,1.0613476624363791,9.833324036441445,-0.21245268256325822,0.3800260022596369,inf,-0.4410719640729859,0.1326158363011558,-inf,-5.84016728208159,-0.7751241005595659,-1.1976148571975518,-1.2150519431706197
103,2020-06-28,1.5163997104864073,-0.2404215557758942,-0.21131895268462486,-0.002799904753418403,-2.8778116762689026,0.4179762620137488,-0.019641217871788186,,-0.46544611644844514,-1.0677303620561513,0.0,7.269277713882659,1.6400889051397423,0.9996956873125971,0.47113606525058227
104,2020-06-29,-0.18346343895422912,0.02194368925754908,0.1605916145786619,-1.5869305420366437,-6.955512360172542,-0.6711264035600681,-0.2768679562316674,,1.029990940760435,0.8365087296771456,0.0,0.41570948275276365,2.304487965410818,0.6309319341972079,0.7382738956415524
105,2020-06-30,0.1341715022834169,-0.5331090507831036,-0.05490660645543777,0.6891571762011512,0.0,0.03764467962237461,-1.6722540869488123,,1.1635808853330856,-0.42659996113659915,inf,0.8330717329042079,2.4037766079677283,inf,-0.11140152015480886
106,2020-07-01,-1.2751275215189377,0.5167786955036924,0.20713527208613414,0.12352188113185036,0.0,0.7027875133343873,1.9278957791156115,,-0.8573858434164512,0.45455962778370385,-inf,-1.0122043105797154,-1.5159828766405727,,-0.37408303680887567
107,2020-07-02,-0.27027572711839554,0.8476276191226901,0.17728509540391535,0.32104481774851834,6.90396996427325,-0.03575530931328963,-0.3264322288282724,,-0.6645530726629643,0.006148211418278038,0.0,0.5302964381146964,-2.5546711050900885,,-0.25355298053729847
108,2020-07-03,-0.9703193396465801,-1.0843613436079664,-1.2533373230598706,-0.6020895383796976,-0.6354954129190578,0.7593027934845935,0.20561973307750847,,-0.22739310390293754,-0.8164761481803939,inf,2.2001878419622027,0.13350977692302823,,0.7464455762823681
109,2020-07-04,0.010208649899771771,0.40372605367627656,0.44801983625193564,0.054838381604314534,-6.268474551354192,-0.4743067524953162,-0.18595029007607522,,-0.9584794327576018,0.42998725910109137,-inf,-3.075308041166731,-0.37474451941459286,,-1.0804303543993008
110,2020-07-05,1.1710620295265999,0.8820463976644373,0.47763396930685076,0.8669379305307228,0.0,-0.5434681987148284,-1.2886737528912624,,0.33196756710732345,-0.7132498396944182,0.0,1.0715891482138309,-0.2938537937117447,-inf,-0.20837018157900822
111,2020-07-06,-0.277728000873001,-0.5813194301087847,-0.14643036863122205,-0.1407352952911083,0.0,0.535598700744746,0.180237708874059,,0.8733226623864474,0.9816351129636107,0.0,0.5982133701612025,0.5842661394328044,inf,1.165917964379732
112,2020-07-07,-0.7303433472822789,-0.028171936274018705,0.2205108550977073,-0.883621417302713,6.72484857176723,-0.8725306546231621,0.6540625669546163,,-0.059277199451093665,-1.5105056721178887,0.0,-0.4951574132224206,-0.045955618242889074,,1.2219048277776512
113,2020-07-08,-0.2589100866054066,0.2271830294099324,-0.41740228355461717,0.4890016074747141,-6.72484857176723,0.21024050142375295,-0.28133410774781886,,0.05890643834366305,1.4916155533640474,0.0,-0.45997227430959686,-0.6781221735324134,,-2.053611355237728
114,2020-07-09,1.2495548458628312,0.4234878968903537,0.6972140353824621,-0.3668975525090996,8.356601895979619,0.20992835925037845,-1.0350252247501386,,-1.0786587629804414,-0.9482857216295049,0.0,0.45298480946056596,-0.4384572367266344,,0.7908276014793563
115,2020-07-10,-1.0338426236984635,-0.6319376385283704,-1.0068168571517404,0.38099234219164124,-1.2730973278108388,0.7383880692924869,0.9702090695048442,,-0.04965724276093919,0.9217576609866462,0.0,0.2909743741704247,0.29391078349159283,-inf,-2.218998286507632
116,2020-07-11,0.9372900420529398,0.27455454335235707,0.821354223454394,-0.9302962748435846,0.0009937986205086347,0.1746600424383402,0.322473411863049,,-0.20866305034037724,-0.7401448443506506,0.0,-0.013716465312615611,-1.2015980738434235,inf,1.079793154622589
117,2020-07-12,-0.34629614124131525,0.3723533837223538,0.14515452739265555,1.4360096113060656,0.487515964129158,0.028388450242529117,-0.1269041613416828,,0.12516067895451943,-0.6409041366035861,0.0,0.8395743618517475,0.3375436014232669,,-0.44785523089599266
118,2020-07-13,0.25101554049598374,-0.8249366688058615,-1.0270057631821565,-1.4633238173952083,-0.6115588466176547,-1.1645243198562838,0.5372970617273456,,0.4389702262635762,0.7652835004422958,0.0,-1.2934039709518643,0.856021264340284,,2.3253864703705363
119,2020-07-14,-1.0025201981832232,0.12575708547023012,0.7454279052181914,-0.28111894090877243,-0.5157156034267709,0.0409618082977623,-0.9908002518644548,,0.1419533780727611,-0.9696159883429356,0.0,-0.5292862700232188,0.36219065613114587,,-1.404258038835561
120,2020-07-15,0.7825759387911937,0.48654161142229135,-0.35168389760531404,1.0175306929351962,0.9976919071254642,-0.30591223441006576,1.5980039823038847,,1.1598685388335772,1.0474981558552354,0.0,0.18743453350462858,1.3362833775484058,,1.1688289241869345
121,2020-07-16,0.5436968412376899,0.17005170371781553,0.6409853469897797,-0.14887453140820028,-0.06608539521123102,0.16394160547324255,-2.6771111288394165,,1.887836166278829,0.5936146052708118,0.0,1.418783442002411,-0.2727220911121364,,-1.1233556166133365
122,2020-07-17,0.23291029492752457,-1.6845208890362215,-0.3849235377404838,-0.7792647979076648,-7.376346392788254,1.131220475775006,2.3760682996364464,,2.1899486761243985,-0.19460283551235058,0.0,-0.9973470239684143,-1.0503800724776688,-inf,-0.19775086781808415
123,2020-07-18,0.44988182653662534,1.3628860555313551,-0.4708130994332169,0.5702412854915835,6.83325342921671,0.17503533370887148,-0.7693453425226053,,-0.7592639039102718,0.16635373403544662,0.0,1.3488817501955488,-0.5887390572864337,inf,-0.4225131401562292
124,2020-07-19,-0.19924658508375614,0.2249731631844618,-0.31975832649596647,0.44819735621659973,1.4632840985565165,-0.3667158915649029,-0.11068462986491845,,-0.6454116568353951,-0.8417955479223593,0.0,-1.8040693290518446,-3.089246116783073e-05,-inf,-0.9239941858211056
125,2020-07-20,0.12619642090112926,-0.6171716269999123,1.1777752000150183,0.005890948353560077,-8.296537527773227,-1.0691353483961699,1.4580773501650555,,0.36537682864458354,0.02899897398204132,0.0,2.152769442174912,0.22735874143251866,inf,1.8614784661451242
126,2020-07-21,-1.021279420987124,0.8927384366111877,-0.00038159052626340895,-0.26288536966457166,6.3955317133904845,0.43032894332342764,-1.0380571312135736,-inf,1.4094013120942277,-0.624708449061087,0.0,-0.7470371353869076,0.5016303526101291,,-0.13006030857999917
127,2020-07-22,0.8893471149165393,-0.44005192498563517,-0.34398100254878905,0.9486984644226588,0.8071530530195705,-3.13812584943011,1.0638449194775959,0.15217750688560105,0.746336326234923,0.9880059884616177,0.0,0.1523484977947156,-0.35704450701929513,-inf,-0.3312301031402507
128,2020-07-23,0.18031288898715658,0.4568086440003061,-0.4122843547479089,0.0498460449191267,-0.4281500292206397,1.4967707536562367,-0.3941742746729844,-1.0182888001372588,-0.6867391372331646,-1.2334597799568678,0.0,-1.6556468152283639,0.557765865403689,-0.4182220499506446,1.959710967868359
129,2020-07-24,-0.2619924037234789,-1.1415163117923903,0.8271757570065184,-0.6465206857231003,0.2885302601615143,-1.017311381399387,-1.5891349957314898,0.9847454353040508,0.4355125351639977,-0.2681998057231407,0.0,0.6148958411200134,-0.4192266158480349,-6.052409672301034,-1.3814535614812975
130,2020-07-25,0.29226709544365903,0.5549925744937134,-0.1400782338879054,0.08200434370905008,-7.06306499735093,1.3520883019044332,0.2671947668565231,-6.387769554786566,-0.6713795831147635,0.011789742076419252,0.0,1.0101787167828622,0.207521489447843,6.60598827814956,-0.694486528852809
131,2020-07-26,0.17710046764896603,0.4709527526484063,-0.8524990218748218,0.07923548216620979,0.0,1.589283830316635,1.649796031088961,7.103325337898,2.1905493492209516,-0.16575108656219673,0.0,-0.1165744845451755,0.20064987327727923,-6.60598827814956,1.6464899725069122
132,2020-07-27,-0.20435112260842025,-0.5675502742650629,-0.15637797930476438,-0.23128221927831483,0.0,-0.706621308402358,-3.2499930431714263,-0.9262419671981075,-0.08381021612450468,-0.06843041932660565,0.0,-0.6135752859166779,-0.0732260336180266,6.171128609558366,-0.41984568152834
133,2020-07-28,-0.6764637935945323,0.002067280885652778,-0.27563879104013544,-0.3543694219422644,10.180210366340338,-1.111568265322446,1.9379278192258989,0.10502810807184293,-1.0603230942585373,-2.8607229671548833,0.0,-1.3174835879100142,-0.4970473357618763,1.1552601321887135,0.5128995432946635
134,2020-07-29,-0.16998545044137536,-0.3795115004523524,1.3871915257763145,0.14364594855961066,-0.5352255403746451,-0.5796946007311847,-0.22049509171418258,2.515471173301174,0.19794054078895584,1.379428316177922,6.732275203210628,0.905453565410812,0.3575199277486547,-0.9126979406467717,-0.5288930764648878
135,2020-07-30,1.4756718595061518,0.22620947662339397,-1.0846453730444896,-0.3488662095273174,-9.644984825965693,0.6054422589607391,0.013288296258728849,-8.79758265207291,0.6955358984828255,0.8436491471876773,0.2873772247357236,-1.1794591306158404,1.3375180769971617,-6.413690801100308,0.7916984912951222
136,2020-07-31,-0.23903444527974393,0.5339934203569214,0.06534462189703838,-0.8441095989427208,7.937674433914998,-0.7298132061268676,-1.3967846322340254,6.9478098560079795,0.6162507766395056,2.393943704727447,0.9521712283893251,-6.982383524270804,1.5069300877006722,0.0,-2.0994393231107926
137,2020-08-01,0.26029448868959015,-0.41951263514429904,0.008698917591976496,1.2683070322381091,-7.937674433914998,1.0622227832248319,0.7839686437429698,2.230497713505323,-0.7476094681154493,-1.5288709602713455,1.970196531605466,6.695830610765872,-3.149201063609272,0.0,0.5344700434975485
138,2020-08-02,-1.5532576124746313,-0.8613764189498081,0.3882852497301741,0.2602792382197361,0.0,0.9911668026270863,-0.37074836180933435,-1.8477624920016904,-1.6018951563095705,-1.455011092686715,-0.04788251690947298,0.4348214347303392,2.7071699150348625,inf,0.1856555704390459
139,2020-08-03,0.17977760439900692,-0.11544560947420024,-0.7811661528370717,-0.5817117641651013,7.311023735714929,-1.0961965642070304,-0.4607190007905686,-0.6740125829998185,-2.3310528087841575,0.689036238468038,0.02713031895102347,-0.9636720811281823,-0.7783512842415856,,1.9763528206363326
140,2020-08-04,-0.8435613615154036,-0.05636850699982254,0.6271195444002124,0.03904991539056191,-7.311023735714929,-0.3758290099031676,-0.495926168040115,0.9864442938419788,-3.226851581350486,1.0318492499966156,-2.1716335853639617,0.4695747658037499,-2.4183073140408418,-inf,-0.6995776156069553
141,2020-08-05,0.9545629668101547,0.35976716225367866,-0.3872214042178932,0.0019184294306793248,7.719122471599757,-0.0578753727607193,0.510136496821751,0.6681949457707184,-0.9483817991434038,1.1876749900555206,-1.0191971866539618,0.07555928753299668,-0.4399099665149686,inf,-0.7464292916782398
142,2020-08-06,-0.1265021798275967,-0.539183910129255,0.003965997989688219,0.4451925616996135,-0.06822827045732094,0.950619030710671,-0.7255521616281992,-1.4953948782686046,-0.15895355975847503,-0.07006939305014903,-1.0292096852906818,1.7784160296322833,-0.4783095702908282,-inf,0.10982893427457086
143,2020-08-07,0.23566563257929474,0.9438287148004374,0.17488173006116803,-1.4126890965083794,1.4592902542617834,-0.7931204409763399,-0.2311597248939865,0.09706733777623722,-0.17095044207803678,-1.2816951948363728,0.41733286156520855,-0.6111394055690784,-0.07499625801480647,7.552911342612793,-0.12114589798849451
144,2020-08-08,-0.4937469908258052,-0.5971650462977696,0.7952449458324118,1.4180232690353352,-9.11018445540422,-1.2040099176170482,0.00606214155224194,-0.465443811433218,-0.1910055871363121,-0.459403849774743,-6.118560394239297,0.9588253997798457,-0.07805510776317615,inf,-0.3700953776891005
145,2020-08-09,-0.5923831878505457,-0.18062769061025818,-0.9599113125439285,-0.504857020967183,8.519455917066564,1.0888299548563296,1.3340105118891135,0.5897112356712393,-0.21525353281199422,-0.43951478131366173,5.158296833296753,-1.0861458910768595,-0.17150670825422054,-inf,-1.0614939344625718
146,2020-08-10,0.45626543090662697,-0.3261953301547562,0.2623605684089636,0.23079900428724542,-0.6315849251626462,0.7755624668157584,-2.013036862517377,1.3331471268991288,0.4292763013457419,-0.7548738481284429,0.2795706183069413,1.0866756123823746,-0.09008783001337495,inf,1.1772757551053044
147,2020-08-11,-1.0283836405876299,0.3903974043646672,-0.6977215202569891,-0.3459392558887071,-0.8256258486103576,-1.9193424701218946,0.4445672685489406,-8.370258744769274,0.006343231611221967,-0.4855830178727212,0.8418576717596151,-1.552605217455186,-0.18333278794775865,-inf,-0.570674922458358
148,2020-08-12,1.3330611769178518,-0.702798466104614,0.7566430114405804,1.1972780924212003,0.6793663587215768,2.7530452428969747,0.7879793783710305,6.263636197672306,0.19324563762500002,0.6132149252524153,-0.6624278634215077,0.783073369151225,0.29145505736612964,inf,0.19075530945085362
149,2020-08-13,-0.5107462412417156,0.3930040388397531,-0.37773708883482726,-0.5835488973060734,-0.13955276654066218,-1.77676660233565,-1.103273009581076,0.021926263467666907,0.3428890206932125,-0.3328051763326014,0.504587488524038,-0.44678352547789313,-0.08602984278015047,,0.18570957573904234
150,2020-08-14,-0.616107768043956,-0.8752864717420827,-0.1384135254609209,-1.1607239267909364,0.8746785907009249,1.1600880610034974,0.5368686195792325,0.3292511979903221,-0.32869810191846494,0.7303827956590521,-6.12188474846584,0.8110395182111079,0.007094435358787621,-inf,0.1198738040581695
151,2020-08-15,0.3432718279535152,1.179447422792193,0.2883566275093834,0.24383023014537208,-8.4767373261754,1.076646507360337,0.051654017870520264,-6.614813659130295,0.007094752278494987,-0.24610116992223663,4.441891851556982,inf,0.6295163883308321,7.9276607934550585,-2.111383925374815
152,2020-08-16,-0.20869415745356612,0.24184337387027277,-0.7778767423554154,0.6938999160670019,0.0,-0.9395170565459079,2.785415934043085,8.337899372527103,0.18433592452827607,-0.8800140767162707,0.42439154320354877,,-0.24942882061683846,-7.9276607934550585,1.1280555936395826
153,2020-08-17,-0.28639411027329675,-1.0102112379031167,0.12383010067816969,-0.40189737970929684,0.0,-1.550782343747354,-2.773641506593764,-8.337899372527103,2.0010861588510593,-0.3168145806213234,1.1764115124346093,,2.7615888438680942,0.0,1.2735276150123314
154,2020-08-18,-0.1488200802513342,0.20081041231665164,0.24178159647465947,-0.05911063917316284,0.0,0.42760672397549815,0.08692625005118959,0.0,-1.8145604629407726,-0.6338754001415223,2.3874169752911394,,-1.5486580904029248,9.899191801613872,-1.2790989391389376
155,2020-08-19,-0.22784431585395648,0.13165354458760437,0.17352931307412867,-0.4962119180788651,0.0,1.118150275820942,-1.0528299440578195,6.945765644090089,-0.9577844718325565,-0.08477657223938717,-2.6365839031267893,,-0.7622106464011251,-9.899191801613872,1.033108681897871
156,2020-08-20,0.9917385871757194,-0.06359711095017673,-0.23884772129793852,0.07583440749706938,7.433143515178417,-0.12870005707190302,2.9504734351376216,-0.2827519310130082,-0.253526445505718,-0.19472259003179282,1.162119187854893,,-0.33072851914140333,8.19099356699863,-1.394473059380755
157,2020-08-21,-0.9963805596645381,0.12882553458863022,1.0223232243311582,0.7078437052663755,-7.433143515178417,0.9237135173828808,0.3088965445099081,0.21664064486260592,-0.30412192803649196,0.22641877538999466,0.0005632333498919451,-inf,-0.5472310314513997,-8.19099356699863,0.2835207572242604
158,2020-08-22,0.22313969134582745,-0.531297318435767,-0.0006085988875934589,0.3334463956762157,7.285079317773184,0.47667844448282537,-1.8706908771321693,0.6301440516898387,0.006259201528128866,-0.19678461193266372,-2.2947660397049603,inf,0.011232718668185093,8.433831064637163,-0.21580826923651486
159,2020-08-23,-0.15137720571367375,0.9949549863326377,-0.49713191400846135,-0.1988797070263697,-7.285079317773184,-1.0594833005874609,-0.22931886316094996,-7.509798409629525,0.0030220994889356145,-0.44630860535932015,2.5056756690484754,,-0.19560975623291466,-8.433831064637163,-1.006115189270802
160,2020-08-24,0.2932719709204301,-0.8406453405951879,0.012799479431036431,-0.05277575030199699,0.0,0.22583866647007156,-0.6712722993198499,8.200450006037517,0.006007543017253925,0.13333408656486156,-1.4571585240035017,-inf,0.49251013040232383,9.24783747138519,1.5651180577392108
161,2020-08-25,-0.8476730378177599,0.282554118456118,-0.46963852745235357,-0.18027655170868684,0.0,0.49408576158444895,-0.268539404688517,-0.9926647942104561,0.002837577720140816,-0.23300106069545512,0.08630375633157872,inf,-0.4804118322502866,-0.6259590690059458,0.6998404184083169
162,2020-08-26,0.16087077859104948,-0.1116447819962314,-0.32193833244003756,0.2259067326841322,0.0,-0.9655294791499944,-5.285842036865873,-0.010871665643168882,0.004315733952366063,-0.11778987589573875,1.162606153169654,,-0.09686837517010094,-8.621878402379243,-1.3293634628962163
163,2020-08-27,-0.24657284095038445,-0.0713398547911579,0.059976972973403875,0.3291730474057708,0.0,-1.171503527615159,7.859163460222048,-0.15302998554652447,0.004184023095703093,0.1411379331422573,1.6511214309620588,-inf,0.11249003870810181,8.600530491020107,2.4725906500951833
164,2020-08-28,0.08150845437913379,0.38375140650882056,-1.271030851962875,-0.910333426165197,0.0,0.33709043049744913,-0.13928766864516895,-7.043883560637368,0.0040755061137405235,-0.2538363053317596,-0.35099191037208577,inf,0.39160012723081117,-0.977469775768439,-3.082689683519372
165,2020-08-29,0.39623359992439866,0.6717071481668215,1.5066370838439287,1.1327372276040002,0.0,1.5678836915705956,-1.25619849379623,7.310368641190397,-1.4101024451411392,-0.12375788252861186,1.4489726457286451,,-0.088675702437917,-7.623060715251668,0.966641514941883
166,2020-08-30,-0.7814526094597385,-0.9367954828443583,1.1864493207332405,-0.10829839154368237,0.0,0.04978848873669861,1.7788946920986817,1.5755570761330535,1.4180228660741787,-0.14687569173842263,0.17505655557826927,-inf,-0.09110310293198864,0.0,-0.2111098473584061
167,2020-08-31,1.0568763934984284,-0.06534591809309553,-0.49873431095244314,-0.0013007976194696624,0.0,-0.6898314927645792,-8.24257198987933,-8.88592571732345,0.32339278943959204,-0.3093460043774967,-0.03808480087974253,7.81524699410339,1.5419481949457836,9.316425022770241,0.5500899738587925
168,2020-09-01,0.3223571384775754,0.3701901840154225,-0.06027132649961686,-1.2613734315526983,0.0,-0.06430796839978647,6.204693354527033,inf,0.2744540240327944,0.4699835543152284,-3.7647544622420943,-0.19007636243773351,-0.796759591955591,-1.707913657653786,0.00010498411502890548
169,2020-09-02,-0.9776004713656548,0.1835355843530735,-0.6447529342694622,-0.31599408334787427,8.426572210822174,-1.0883416165034623,-0.17684173647016266,-inf,-0.1436072029990869,0.14819623209301946,1.1069048823290535,-0.06744881863819518,0.1982401564046734,-7.608511365116455,1.1108715908226587
170,2020-09-03,1.7410998515802536,-0.8829700490850856,0.5239074318947505,0.37481944581864823,-8.426572210822174,0.46050559458883455,-0.09324821372257563,inf,1.7020111428387936,-0.6010602511534078,-0.9390913484427754,0.8871654682138637,0.01986083337824507,0.0,0.2268599483960294
171,2020-09-04,-0.7913458597843723,0.33859876803977684,-1.224882943776917,0.4746723836574738,0.0,0.06044156255752142,1.181793727277828,-inf,-0.034719582250106296,-0.1668659884431838,-1.2072302704610864,-1.023615595571595,-0.011297200630218107,9.71344226358623,-0.4184393875268615
172,2020-09-05,0.8386640663889571,1.1892278472431217,0.5686969227151923,-0.3558626893800394,0.0,2.130847125124883,-0.8564142598720501,inf,-0.257723003380534,0.0003556997364655423,0.09915021716720496,-0.8803840724909362,0.5002924231570924,-9.71344226358623,-1.0350597805303101
173,2020-09-06,-1.0843039172308835,-0.009395884068583271,-0.003230924286874881,0.69361337532189,0.0,-0.9526216012388105,1.0556193620561443,-inf,-0.273963722615691,0.4397551603875458,-0.19095671962927963,-6.540887613178794,-0.34726365092317124,7.915057644804398,-0.9601915050130083
174,2020-09-07,0.7071956059855955,-0.266058197070846,0.17846240259840584,-0.22685187985506872,8.073705206669258,-0.8159317805442683,-1.4938085845080584,inf,0.8424963697638748,0.2125785492672505,0.3845244834052721,inf,-0.274176733108181,-7.915057644804398,1.920652415370716
175,2020-09-08,-1.3298390958193496,0.23332550052250411,0.32606322306269675,-0.29144265841188677,1.6578036401595995,-0.3769201529928967,inf,,-0.22988542189064232,0.6470160246212964,-0.18662715166935495,,0.25415608313929994,8.764351409898824,0.17592057793169857
176,2020-09-09,1.0184676730033386,0.10752558533771861,-0.42141826324668585,-0.06054247403724311,-9.731508846828858,0.43018999027612814,,,-0.9475378282451183,0.05146171132065991,0.003112812608737414,,-0.27243235224147977,-8.764351409898824,-0.30733909558316697
177,2020-09-10,-0.15915146103428324,-0.8153841593615105,0.17828673809343876,0.17524673678456182,0.0,-2.231821092331554,-inf,-inf,0.462140745423667,-0.4625729006211152,-0.1912526354840356,,-0.2856540977291271,8.085911338788495,0.057115660326418904
178,2020-09-11,-0.010723242685932277,1.080482582475458,-0.8829671635436682,-0.17742169237179972,9.803435759478619,1.6632527349678519,inf,inf,-0.02493443032066045,-0.014358084294722406,1.9165866667696765,,-0.10356010179736952,-0.8400153205306014,-0.6400559934625178
179,2020-09-12,1.0152513119115332,-0.09620863468304108,0.6376240159193731,-0.046120776394284135,-9.803435759478619,0.3755582913855342,,,-0.023774615190101045,0.13749823675038408,-2.434745008573027,,0.1804685950317113,-7.245896018257894,-0.07039322791379021
180,2020-09-13,-0.9151070076896346,-0.7034159338369879,-0.004407279557717914,0.6395855653717817,0.0,-0.511892812427746,-inf,,-0.2532518886567017,-0.32204923959051035,0.6252956811557233,,-0.4015937295059038,8.313959032448173,-0.3453484933116808
181,2020-09-14,0.4239960581378108,-0.011717710734693298,-0.9822335323541544,-0.40889623085812055,0.0,-0.7632273503606397,inf,-inf,0.40925160820235673,0.6328226657816551,0.6417576651334711,,0.1927596829781839,1.0750658230158994,1.6286920971946781
182,2020-09-15,0.12440786229707612,0.908675072088819,0.4041035623016125,-1.0072351835636653,0.0,0.8892396437312842,-inf,inf,-0.23725547301322303,1.122701761595156,-1.0452619909469085,,0.35521869214183965,-0.6641293306548146,-0.4127496723098929
183,2020-09-16,0.5862830804314578,-0.24855040768051495,-0.2584960573808406,-0.0038779956369738855,0.0,-2.3630714463325004,inf,,-0.027109236721721164,-0.6038723371539554,0.6923496877217312,,-0.46829946262327216,1.2509466361651729,-0.8861628199360823
184,2020-09-17,-0.08276461413690406,0.43986409869793874,-0.0032701190019075455,0.6978400974157024,0.0,1.9606084885260557,-inf,-inf,2.971761606491359,1.7960672619164848,0.6113578597297789,,2.3686084581064604,-0.30365157874680015,-0.8148512990982022
185,2020-09-18,-0.3480896084831855,-1.7184445621935787,1.4296873258994562,0.23656311217742854,0.0,0.9557403423853996,0.0518844410378243,-8.614120319257578,4.594045796758134,-0.4769739516497049,-1.2990746301258618,,0.26963822148172856,-0.6369761979124924,0.6947051286500283
186,2020-09-19,-0.43236334209729055,1.5848127060293695,0.27778148776186384,-0.43095281229933313,0.0,-0.4296416790501336,1.133454813433704,0.0,-1.3612955618139004,-0.49138315489106077,1.1377355863000522,,-0.4710861495400467,0.936822482197254,-0.3276254623237769
187,2020-09-20,-0.016351383913209894,-0.29259030953557463,-0.938553989099729,0.24213535822468124,9.957314041667908,0.4314745632165522,-0.891971037904038,0.0,-9.182518981927263,0.3108257102410281,-0.8260466062684593,,0.04504143579433162,-0.03501344285913355,1.7109286939380004
188,2020-09-21,0.33717107039236627,-0.06857322679027966,-0.12784518359764796,0.6931464070598672,-9.957314041667908,-1.1659682039339572,-1.0281667699131347,0.0,10.386399333264823,0.9450424265293762,0.9164423920796061,,-0.2576219603929051,-0.06518889695571595,-0.24365024313009442
189,2020-09-22,0.38485843364777583,-0.9143842525250285,0.7349200488386174,-1.5174844084276042,9.184040361846595,-0.06984528237333443,1.3409669277371057,0.0,0.827157861916131,-0.6413352189266872,0.16538440335612492,-inf,0.26774954863405753,-1.2022061484926123,-0.2988044169010582
190,2020-09-23,-0.3628972689287444,-0.2660731527379472,1.1906541741579435,0.26175467256424945,-1.4035525270669051,1.052824044908629,1.575350078367995,6.822251203580212,-0.5366616443668129,-0.18779197631425237,-0.9759628308296042,inf,-0.6351268882286023,inf,-0.18800299907366025
191,2020-09-24,0.6174990111589604,0.4371672058878566,-0.5311261828165108,0.1898175946620695,-7.78048783477969,-0.4422102962323553,-1.3726852362094881,1.2712019348253296,0.04566595696186582,2.0922948454721517,0.2861801607449648,-inf,0.28523251989369847,,0.05602976992441633
192,2020-09-25,0.4750514846209999,1.0897521424871233,-0.8561955244223807,0.6067983086513893,0.0,-1.5158362669442962,-1.14507357776968,1.146712454558278,-1.1610628812401096,-1.9113762007733097,-0.28186590562812963,inf,0.1211146439710733,-inf,-0.7182857706646342
193,2020-09-26,0.5589871772616846,-0.2842587960733116,-0.06471112377204946,-0.3031918212266902,0.0,3.595026278219663,2.0517836946644126,-9.24016559296382,-9.561498626535897,0.8969994953567699,-0.7382265808395614,-inf,-0.48160818858004273,inf,-0.9687110212365324
194,2020-09-27,-1.4545153206897812,-2.327032578949738,0.17304765331266125,1.1903694989630864,7.455528677252588,-0.9869151637383133,0.6496633781916401,8.484524902716773,9.016572780819308,0.8280142349814064,-4.350631693783885,8.318316698840272,0.4302000101564811,,0.6085890632039526
195,2020-09-28,1.2721332420902662,1.6714727198791008,0.6686347553473482,-0.5521827212347965,-7.455528677252588,-0.6501297337044498,-0.09295302542074069,-8.484524902716773,0.3093170484442318,-0.985730362269349,5.282837238599509,-0.6000680444867577,1.4925695204242402,,0.9889858289143652
196,2020-09-29,-0.937519916102195,0.8896992546099636,-0.7432731703996804,-0.5865758241457009,6.533460784235697,-1.2673642046815887,-9.905441746665119,7.537217805194186,0.16221957100688833,0.19797719319992257,1.3430848437094305,0.5975739208406363,-0.27471060155364135,,1.2375204644849962
197,2020-09-30,-0.024328363898757033,-0.12468380509468169,-0.29942015483290874,-0.5635041298422481,-6.533460784235697,1.7461298072313172,inf,-7.537217805194186,-0.33397126128326704,-0.28522305436229267,-0.7165137554444394,-1.5922658621431447,-0.5396157332440961,-inf,-0.6892467029091964
198,2020-10-01,0.10108061870198704,-0.12196596771465806,0.0574978757660638,2.0677520473980247,0.0,-0.9204511391201438,-inf,7.283784429633257,-1.5851791477016244,0.1921542144759547,1.490934984269459,inf,1.0859403914420298,-0.1271701748631795,-0.21304377425301624
199,2020-10-02,-1.2207244321926876,-1.0939759400123918,0.3546836400572886,-1.6441098028954553,0.0,-0.13099172304773354,2.674077598184107,-7.283784429633257,0.7000673899623608,0.08168806859616407,1.1643643006133004,-inf,0.06568055498869363,-4.286012407706018,-1.2441336077072807
200,2020-10-03,1.7924059655494684,1.576745389292352,-0.23932802676888265,0.676544186637134,0.0,0.1962985192624247,inf,0.0,-8.269026381247897,2.7409005861589923,0.1325719643853116,-7.230928648977983,-0.27846373345190756,-0.8506836805400937,-0.06714882729847993
201,2020-10-04,-1.8163439217224644,-0.6101829335589031,0.6278678290499897,0.2524414621903599,0.0,0.3164060692768267,,0.0,0.0,-0.718200558451823,0.1634924636821804,inf,-0.0925996182394222,-0.5537632494682181,-0.03989947072906386
202,2020-10-05,0.34178320292826303,-0.3647628174650066,-0.9391798756370644,-0.005571170024195382,0.0,-0.9906688703144777,,7.058933610981534,9.592591544425217,-1.78047413469677,inf,,0.627405775808711,-0.5026950156404917,2.238226069379145
203,2020-10-06,1.0697335589964574,-0.8875704359905132,-0.1294007235553849,-1.1950992420121773,0.0,2.074175380296987,,1.0355347265736734,1.1304649118599617,2.4001191950869325,-inf,-inf,-0.13928068137058425,0.5146049687672343,-2.695203809188187
204,2020-10-07,0.9703419998990466,1.9184977973648856,0.9995149309404106,-0.1004403383280339,0.0,-1.9353016014923305,,-1.1522198667902508,-0.9296333030541621,0.1652902818942188,inf,7.980835851741827,0.5790072886645614,1.1580812879249311,1.3239989268866896
205,2020-10-08,-2.267048545236679,-1.386614289737329,-1.068414147081545,0.6204607706338674,0.0,-1.500746914448591,,0.4494855709733425,1.0610659383188992,-0.7519949461603801,,0.2485799995296345,-0.922004492297777,-0.6931000656470214,-0.005372417212169189
206,2020-10-09,1.8949219797604178,1.670434064842146,0.1855932108089009,0.17250293602489464,0.0,0.08610283202311564,-inf,2.2606355497474677,-0.42873788093443466,-0.8301364628897385,,-1.6939671705352763,-0.2846893811709954,0.7996009636412831,-0.39915380396776534
207,2020-10-10,-0.914225815811955,0.2003379802984302,-0.49702951886959035,-0.06583263962287056,0.0,2.8786583660651335,1.3951944401502532,-9.652369591485767,-10.42575121061548,-0.2560297417846318,,1.6907737891023968,0.0371059102852076,-1.4905889539090555,-0.4203829393231535
208,2020-10-11,-0.5357946513426732,-0.36898512687307594,0.43272367033374515,1.1604232315675045,7.476939066903029,-0.7372245701264317,-2.393943932260637,0.0,0.0,-0.16396212355532658,-inf,-8.226222469838582,-0.7575273885235454,-3.6034336279612473,0.6093116831304171
209,2020-10-12,1.2273206076978642,-0.5464105745973704,-0.05130200309405275,-1.6621558800717064,-7.476939066903029,-1.177294711552439,0.6125886492109132,8.729901882482421,8.823352911558958,1.0764563742889033,inf,6.5942776102792156,0.11158899202388817,4.21749683190675,1.4326444342613875
210,2020-10-13,-1.3187796881113778,0.16152373008187304,0.3045866596352038,0.3052177617985983,0.0,1.9630094060993386,-0.7841806857232179,0.3008635096648149,0.06501444705799742,-2.4219823824248614,,2.3520163929895723,0.6602114815781377,-1.007395888565643,-1.6416753386814875
211,2020-10-14,1.4680320773756348,-1.2431994026077398,-0.6304971269765511,-0.3747178049327875,8.42695142860049,-2.515479278930636,inf,-1.4835143396124835,-0.8559043231807681,1.3714211276469355,,-1.1461962840033486,-0.02449778629710586,-3.210100943341107,1.2350368435779124
212,2020-10-15,-0.1239197416139195,-0.35653645112648036,0.8036763417433948,-0.8034466322722542,-8.42695142860049,2.0924911905094525,-inf,0.19278401996105288,-0.2624509050676007,0.45361279380691766,,inf,0.19133113098160948,4.4554021329611535,-0.006709545176136089
213,2020-10-16,0.3260937182341408,1.9300082111796577,-0.5525225600471302,0.9845990798399287,0.0,-1.2564728840108739,-0.8308500886427455,-7.740035072495806,1.5051491041372032,-1.2003139788489268,-inf,,-0.007213689611788254,0.607916074365761,0.39055725649609485
214,2020-10-17,-2.404006098956291,-0.685257940471109,0.6054201596237245,0.11943232875943188,0.0,-7.040766780512078,-7.030050172719449,0.0,-9.27516123450579,1.7378337866918443,inf,,-0.5563186937181452,-1.4093870340841095,-2.4515708249441346
215,2020-10-18,1.3066392455839733,0.25076179346587146,0.8367288483194777,1.1893934397091748,0.0,9.535476180635484,7.445953444101981,8.975161864798576,7.487866453537062,1.325818113941919,,,0.17476357617150207,-3.653931173242805,1.6211379241505615
216,2020-10-19,0.47497469343192833,0.58414160417645,-1.079280078189175,-0.3836326043991338,0.0,-2.152129206394992,inf,-1.333326972434536,1.335476199110766,-3.9291369600506245,,,1.5567565417104738,3.3969284287868873,-0.8394953498890612
217,2020-10-20,-1.6398894811907816,-0.5348591090327783,-0.15182189076986852,-0.8154277010929558,0.0,-0.7998906962011949,,-0.337038242376682,0.8629074710008133,3.2418430177733084,-inf,,-0.05307372016443601,0.27972021329007335,-0.20995103645233737
218,2020-10-21,2.6769932826312726,0.212751757228272,0.1790781521291116,0.863302517579335,6.945457047982584,0.3004889876189454,,2.4231425339834285,-0.6318885842041606,-2.3624848952327024,0.19687243137893695,,-0.30565419351632706,-3.6766486420769606,0.7705039774613498
219,2020-10-22,-0.8858591605104511,-0.05698490179215554,-0.8628693003572083,-0.571437455279554,-6.945457047982584,1.2087612227418312,,-0.9811105282993857,0.06299151111750767,0.3312987733405883,-0.46791790970049973,,-0.0071433712504376246,4.299242363575025,0.18478288770440443
220,2020-10-23,-0.3590851216565678,-0.7875599606738284,1.1199096904694636,0.5099003710197358,7.97706243687847,1.2666238619245345,,-0.11611394656139495,-9.117353050561988,-0.35832232988931434,0.33791410240048325,,0.15009890958421757,-4.299242363575025,0.5365446395255233
221,2020-10-24,0.6304262783426111,-0.0033020241714840637,-0.930544477572977,0.7433896813963301,-7.97706243687847,-3.2577878510261993,,0.7774397407353231,7.3216468078963635,-0.08244507069111062,-1.4709026555366291,,0.12583171937517612,0.0,-2.2102631540998257
222,2020-10-25,-2.456374893006232,0.5633738331241069,2.154664885004716,-0.2622003389121339,0.0,-6.101542499298409,,-9.408154449845329,-7.3216468078963635,-0.07855724212267834,-0.4319182847815348,,-0.8847258403284197,0.0,1.52631033609312
223,2020-10-26,1.126335392059448,-0.8517139850400124,-0.055684574921434304,0.2567725379423038,0.0,7.228765742028465,,9.207039743381545,7.7901703710721835,-0.27321930325735533,0.8341013742015395,,0.16051465547906574,4.211925623599351,0.4214587383672619
224,2020-10-27,2.31597006241506,1.4985709896450317,-0.37434875014827007,-1.081877869516994,0.0,0.19125305001076587,,-0.000368178658932905,0.435029101486502,1.5201687355708327,1.0700079101564643,,0.10287034358752578,-0.7649677018352019,0.34141898647931335
225,2020-10-28,-1.8842583328081322,-0.9206265511600549,-0.19002457051890076,0.11269124610614512,0.0,0.13104666514819296,,-0.9888048006176309,-8.225199472558685,0.9738566338530212,-0.4758443346725514,,-0.6037666354362443,inf,0.8715077252336609
226,2020-10-29,0.3593310213842358,-0.4096568794551967,0.3752120269839043,0.7619764537705667,0.0,1.2974258204568017,-inf,1.7831572331875964,7.331251399201221,0.5231845278279152,1.4080013239763538,-inf,-0.832557236040059,,-2.593323137638227
227,2020-10-30,-0.6793502731754097,-0.12046840270148707,-0.6001204302268075,-0.8244392143490096,8.384719644014593,-0.6618578187641084,inf,-1.1147254101678996,-7.331251399201221,-1.1592705881205738,-1.2668026689918834,inf,-0.00022343032733029844,-inf,-0.44104812387871384
228,2020-10-31,-1.3344388869579271,1.0734505558950502,0.5952512538712842,-0.11939524751647745,1.1751525744147475,0.35849313776121683,,-8.886298587124678,0.0,-1.1342362788984746,-1.1338366996205886,,-0.5859716931323948,-8.90123133945356,-6.669320836319515
229,2020-11-01,1.8857548331992167,-0.6266820949825007,-0.2152931238375313,0.7292361015175057,-9.55987221842934,-0.24608232749937997,,8.598075438166603,0.0,0.12664369462452552,-5.655744386657846,,-0.8585564525327758,0.0,8.284403372500392
230,2020-11-02,0.4057207615878191,0.3029522896963357,-0.9664932957501602,0.5372632741720178,9.50693762804281,1.1891701499056389,,0.8312852080372313,7.59681587175968,-0.007535071546866945,6.302117032040079,,0.9998458750741026,0.0,-0.6299746620826978
231,2020-11-03,-0.06042688202520097,-1.1999565253078623,0.5213155853046878,-0.6520091562690098,-9.50693762804281,-0.9006958560232015,,-1.9496794964196011,1.3809742853169285,1.1093525002451585,0.44464327423971994,-inf,-0.07447709200032726,inf,0.6255302236530804
232,2020-11-04,-2.3966671678668616,1.0603761945860795,-0.5253858979952497,-0.6049518841471677,0.0,-0.30426690176508586,,1.176403752835971,-1.1866489613591193,-1.1053221505819621,-0.1327998186795316,inf,0.08394242942703656,-inf,0.35476183752107815
233,2020-11-05,3.105920630958269,0.36364451735642334,0.23448831852884489,-0.965609443202295,0.0,-0.6380903910498903,,-8.656084902620204,-0.06144748510294917,-1.2210018451453921,0.7015306645987227,,-0.35150643175338914,inf,-0.2905520194686879
234,2020-11-06,-0.6586589801463738,-1.4020696718184888,-0.0020457369278261694,0.5589977358994496,0.0,0.9297214423901599,,8.417892874389905,-7.72969371061454,1.9785174652596735,-2.136710727745262,-inf,0.2927404891971461,,-0.965286555852269
235,2020-11-07,1.165630202602081,1.014893523007962,0.5846383265662016,1.332983843892114,0.0,-0.802738827487329,-inf,-8.417892874389905,0.0,-0.05974708683393892,1.2783584250748046,0.0,-0.3358343730030251,-inf,-0.7968983226213737
236,2020-11-08,-0.19823980190154522,-0.582398442863191,-0.3964068456505139,-0.36593488056271006,9.184003992671334,1.36739704353245,inf,9.315861392591621,0.0,0.12025048040414354,-0.11034812201923305,inf,-0.7599649184870527,0.0,-6.581983873649523
237,2020-11-09,-1.723355883924052,1.4629967708698395,-0.13686674244691943,-1.455066967651086,-9.184003992671334,-1.6341164397263253,,-1.3881179275972855,6.716471702336804,-1.1510481291185375,1.0563879253223556,-inf,0.6237438802866961,0.0,inf
238,2020-11-10,-0.7761717316059311,-0.8568368542852163,0.1718391035344613,-0.25752844708282296,0.0,-1.7452681673150305,,-0.5203569300220323,1.0389623780787787,-0.4996287481228938,1.1365163787011712,inf,-0.06953811450478131,7.107159903087503,
239,2020-11-11,-0.1363935547762578,-0.11278233172914653,-1.1546491957926968,1.3911562787184364,0.0,1.8085030966174669,,-7.407386534972304,1.6367680390825488,0.7091857829185431,-2.677038052811776,-inf,-0.6072171172860523,-7.107159903087503,
240,2020-11-12,1.2799096602334101,0.7684446474078417,0.3784295862292062,1.0512212817038886,0.0,0.25937403849953267,,0.0,-9.392202119498132,-1.2486675008581178,-5.86265697872105,0.0,-0.42785732957588873,0.0,
241,2020-11-13,-1.1385782714494992,-0.8250810397853137,-0.0641961987765427,-2.708085095967504,0.0,0.9075787388674659,,9.917666348850775,0.0,0.16137391435263115,0.0,0.0,-0.913589369674443,0.0,
242,2020-11-14,0.26982427470702053,0.447550182302324,1.874769534492689,0.7811478085511565,0.0,-0.7213112425641306,,-9.917666348850775,0.0,-0.07841870040791221,7.7834337938883875,0.0,0.7458500483397783,0.0,-inf
243,2020-11-15,0.3870662862053065,0.16135521041301892,-1.2531988702666688,0.7688220273357018,0.0,1.9099748929372282,,7.878825446165376,0.0,0.6112445446106882,-7.7834337938883875,0.0,0.9910343377979807,0.0,inf
244,2020-11-16,0.4883357845860088,-0.905531593037427,0.5072687421272661,-0.34347855818745643,0.0,-1.619275305831378,,-7.878825446165376,9.501172166676737,0.7610054112495401,7.656317672349283,9.488546797334314,0.7171846150320063,0.0,
245,2020-11-17,-0.4852506175197133,0.05952218095407602,0.48012929466987764,-0.057118798275446636,0.0,0.5739576608177668,-inf,9.675924270285103,-2.349036795793264,1.216757208546202,-0.5444114901248662,-1.9832455048986244,-0.7133021832236954,0.0,
246,2020-11-18,-1.0752655999320018,1.481699601720818,-0.936195984827588,0.11940978948049974,8.379895104724687,-0.6312124166536517,1.0509202386594332,inf,-7.152135370883473,-0.9926419417290022,-0.7662075541067184,-7.505301292435689,0.06360116760766577,0.0,
247,2020-11-19,-0.07113047388731086,-0.6721352266179359,0.9313217392748996,-0.35591450203315134,-8.379895104724687,-0.8160674111061859,-2.0495976089266,,8.31665819649327,-0.1300691484415637,1.5489306203620634,7.029794496525527,0.14931246559323785,7.577190662167968,
248,2020-11-20,0.8325685003985468,-0.7649990715884947,-0.4849631477817198,0.18258397040073326,0.0,2.4848915982722115,2.247120815900251,-inf,1.4767424319852935,0.1288885054454676,0.12056179056239014,-7.029794496525527,0.508372455839428,0.5317562457370943,
249,2020-11-21,1.3822051762065612,0.5670765566762963,0.3223149995132264,0.798992131894245,9.228348978017191,-3.1891068527633744,0.26682879209778676,inf,-9.793400628478564,-1.3346895552692342,-8.015191039042152,0.0,-0.5663093701317248,-8.108946907905063,
250,2020-11-22,-1.313031543258841,0.811612154969648,0.05047325786214785,0.7854844822356846,-9.228348978017191,0.9576437193429914,0.06358174308855524,,0.0,1.2686157004516652,6.260146639469063,inf,0.4989531919168311,0.0,
251,2020-11-23,-0.12894373039108853,-1.0475393882713249,0.04999394476254082,-0.5133199440659713,0.0,-0.2586552276195828,-0.6697932474649768,,8.094457568935175,0.4706712189212503,0.9835834244035331,-inf,-0.0004813394471403498,0.0,
252,2020-11-24,1.1099542700229135,0.7466683177517854,0.05220993331789714,-1.620453159976222,0.0,-1.63845126898085,-0.293154967878003,,-8.094457568935175,-0.2622991269886006,0.6689676566646998,inf,-0.5172700217787058,9.750439102691992,
253,2020-11-25,-0.231781678012986,-0.15361960398169217,0.4080303243507011,-0.1275003962154182,0.0,0.64538096710457,-0.08672328253590322,,0.0,0.1684833708637017,-2.011961365045943,-inf,1.420408838037579,-9.750439102691992,
254,2020-11-26,-1.2805968872225968,-0.9889127258017751,-0.5664057445609139,-0.8233101821988695,0.0,0.9305169786314886,1.1302492838637974,,0.0,0.14021604249276898,2.8530835280183906,0.2857106524541635,-1.133402078520878,0.0,
255,2020-11-27,0.0014221670134375586,0.5666997706374044,-0.34019428538024243,1.2071705373202928,0.0,-0.0639532695489402,0.014785626459428158,,7.7031246294612545,0.7534336101821673,-1.7587627871263232,-0.5206223576180857,0.6139029328384886,8.636845069592505,
256,2020-11-28,1.402143802905215,0.8650218367427556,0.878223958165302,0.4830210812853757,0.0,0.7125306777103502,-0.011051896534473471,-inf,-7.7031246294612545,-2.242952051626112,0.3472372269964783,-8.592122084144034,0.5200688713425867,-0.5717778195010776,
257,2020-11-29,-1.3298590041812437,-0.09968673646199555,-1.644343599814798,-0.35773272939123757,0.0,-8.012475695336319,-2.614232497999672,inf,0.0,0.3025811350888148,-7.342294323379899,8.667310642623272,-0.5430913354336786,-8.065067250091428,-inf
258,2020-11-30,0.9748220104680145,-1.8389948848197717,1.6072588904322185,0.8159942410405812,0.0,7.640056869911699,1.8875490027807809,,10.022758193586075,0.6871228021630547,7.753874798353235,-0.557290945271081,2.491771784732518,7.955593030313857,inf
259,2020-12-01,-1.1118707131625145,0.0064847811260735355,-0.6144376305382835,-1.4485657771339513,0.0,-0.3278765668486754,0.020927368868512986,,-1.1144903288090315,1.762855081713285,1.2217562227306482,-0.4125514483205972,-0.8007532677232359,-7.955593030313857,-inf
260,2020-12-02,-0.36143425829372955,1.0301996364941122,-0.32249534234678556,0.5758343187094086,0.0,-0.13382989311953608,-0.35517686499408363,,0.3861351961396391,-1.3970230187425994,1.0977632948792788,0.6242539533644997,-1.1752243016084218,8.726817048967842,-0.7465938778501755
261,2020-12-03,1.0405140627983283,-0.7207294079231943,-0.6843007582525704,-0.06202588229096051,0.0,-1.5449495535380855,-0.432337744963462,,0.7206581700967281,1.2207636409236144,-1.8382581671260905,0.13364344862060484,-0.26040386547167316,-0.8956817878839498,-0.39848084038557197
262,2020-12-04,0.13157460893942563,-0.4157751820782458,0.06866021150971058,-0.512520289216635,10.006591659345498,0.42649048822576674,-0.8416749982947733,,-0.5695022955566493,-1.8970493435349,0.4675455946139788,-0.9179928909603747,0.616220840164571,1.2582082935126397,-0.17788440768330727
263,2020-12-05,-0.32109013554881916,1.1558661702031277,0.5731538801382694,1.884308647875601,-10.006591659345498,1.724148677306446,0.3350144363876124,,-0.27160579044608113,0.515455385155672,-8.70268174345105,1.605546917560587,-0.375212550865168,-9.089343554596532,1.0623374077413716
264,2020-12-06,0.061344210505014374,-0.32211039826107957,-0.3370093357888688,-0.3785581661936117,0.0,-0.8763518859985506,-0.9168381599141853,,0.7053864976727233,-0.7203048632123741,8.083086088741666,-1.1937542587113086,-0.7259151640704982,9.161425605064728,-0.4900921288780271
265,2020-12-07,1.3301810295126062,-0.33761482052128144,0.22856696035269763,0.10960472308674518,0.0,0.4892778410162242,-0.4291067681951368,,-1.7241570340966064,0.7182748345917398,0.17497208170605383,0.9940781749738896,0.5892051150204942,-1.3397089733790608,1.0885040541418327
266,2020-12-08,-1.8569501037377085,0.9970877063363286,0.43848321149636504,-0.7986669320029716,0.0,-0.412511227924532,2.491289300625576,,-1.2318681609117368,-0.2545966388977208,-0.1912616057798875,-8.943243593879492,-1.2436621322600674,2.0414935223968556,-1.0185792957797677
267,2020-12-09,2.733733892600916,-0.5295404491863618,-0.05474960969369569,-0.05995116581214788,9.90246146314878,0.6171691628710132,-8.765283852761353,,-0.21472377840571255,1.195871591123728,-0.38621971412984646,9.951300025192538,1.6058910305702314,-1.9778129253034873,inf
268,2020-12-10,-1.849978340144398,-0.10429767171574689,-0.7842358511391794,-0.3068084473745909,-9.90246146314878,-1.2865799222192278,6.745877819199607,-inf,-6.7085906692693476,-1.4597665180337893,1.5366718854135124,-2.2427746898500107,-0.5677763956640964,1.2929131023490221,-inf
269,2020-12-11,0.05984829990481799,-1.3953709435189268,0.3466429528523758,1.0554041410314845,0.0,1.675766608890589,-6.745877819199607,0.0,6.78966506804012,-0.7520397403131458,-2.0088544481093047,0.32998474156143587,-0.20330879682231284,0.1581123327113314,inf
270,2020-12-12,0.9539276988648044,1.181389598983877,-0.5221684384753136,0.16404803805659895,9.97659684055188,-1.1407081485863122,8.146398617806657,inf,-6.78966506804012,1.6369385051800789,-7.208394287842194,0.061775411801507474,-0.7815334592474326,-9.33642266383939,
271,2020-12-13,0.6555669963955424,-1.5832604827825385,0.12034019724112355,-1.4677164364675699,-9.97659684055188,1.8061104904454295,-1.5805541933394762,,0.0,-0.3673172539228631,6.55408370230687,0.30140933943063786,1.224162389505815,0.0,
272,2020-12-14,-0.6108887706502095,1.5378935172697048,0.6286639295822045,0.37797394679374907,0.0,-0.41099866724592893,1.9077166437173263,-inf,0.0,-1.6738923594821804,-0.6410085088828685,-8.401694828136108,-0.5913033480883181,0.0,
273,2020-12-15,-0.5875503490121652,0.006264427159187846,-0.22155929875324176,-0.18730956725770032,8.465712655482871,-0.9634580868454607,-0.5867284358610316,7.470862102687987,5.865495748442296,3.4153652579686744,-5.913075193424001,8.862680857657182,0.1387973953161339,7.817684747597084,
274,2020-12-16,-0.3741331313884402,0.00616915034438037,0.001132028877266933,0.3691372499104917,-8.465712655482871,-0.2089070246921576,0.8487796310523752,1.574195321030019,-5.865495748442296,-0.021464337102706565,5.288619946179837,-0.7006531426045086,-0.6388973813997412,inf,
275,2020-12-17,0.3655638462891009,-0.38021528021345574,0.05789612895642726,0.7489441832983914,0.0,0.5450225519314662,-8.73561226337585,-1.493163157725344,0.0,-1.9310344016306296,1.2649930952745922,1.504741019966545,0.6184861091426948,,
276,2020-12-18,1.4386140702646646,-0.4729073464885145,-0.33214590903012997,-0.9941407401453386,0.0,-0.3354653071061966,7.1257527747362905,-0.6283834975141236,inf,-0.4286517142402726,-6.55361304145443,-2.139924835601727,0.3335942846011326,-inf,
277,2020-12-19,-1.6910028926245495,0.5069916137211736,-0.5416283245534457,-0.12538722709661165,0.0,1.380793793229743,-0.5041492985036768,-6.923510768478539,,-0.055570733807224215,0.0,1.9313080919727792,-0.8109385232869402,0.0,
278,2020-12-20,1.8664329235726562,1.024714574097871,0.7679005535164753,0.9367488895733143,0.0,-1.311956818802777,0.6488857830510719,0.0,,0.714179031299917,0.0,0.4354598706417807,-0.0842173104713666,0.0,-inf
279,2020-12-21,-2.4653598822194507,-1.7469589863684059,0.34668677878395293,-0.4613432035739038,0.0,2.5628704522882657,0.0032419346302834384,0.0,,-1.5860838348953203,0.0,-2.489334852971031,0.34570538897818626,0.0,inf
280,2020-12-22,-0.20519116361212397,1.0150187844344147,-0.4589499766755196,-1.6997057212092397,0.0,-1.2296348014939973,0.7229032069524894,inf,,-0.6221751042446657,0.0,-7.40427700906102,-0.06367539962604507,0.0,-inf
281,2020-12-23,0.39609070856257844,-0.3000642736840149,-0.4001787728160888,2.132736249228426,0.0,-1.2899879326815844,-1.1414549368631732,-inf,-inf,-0.992420116341945,0.0,0.0,-0.08053144147597457,0.0,-8.214947591195093
282,2020-12-24,-0.751674818036574,0.7129376071991054,-0.6950353563542482,0.7592459466837678,0.0,2.653291544956681,-0.37262025299275336,inf,0.0,-4.808272787340751,0.0,7.932999829181857,-1.3764474470849857,0.0,0.0
283,2020-12-25,1.8912715916395966,-0.05320817400746769,1.6182042799640541,-1.2294575949556403,0.0,-1.8077088442073084,0.5218114726121428,-inf,0.0,0.0,0.0,0.014616326286316372,2.2314914558059264,0.0,0.0
284,2020-12-26,-1.684895191589865,0.4276486750210875,0.1104764853603939,-0.6885213130421084,0.0,0.7115908302413168,-0.36459301697679347,inf,0.0,5.72330586331667,0.0,-7.9476161554681735,-0.9218502198948677,0.0,0.0
285,2020-12-27,2.2780186156860793,0.7546107115600744,-0.16160380981289002,-0.0015202811880801193,8.05271681549891,0.38670522578892275,1.4322513828128676,,5.532093809055549,-0.32326728012273875,0.0,7.438896984872045,-1.066849817877789,0.0,8.355130996906787
286,2020-12-28,-1.1858987834111439,-0.6758894874800276,0.3783397605072967,2.0157488310978104,0.18380369954221187,0.6443597263852006,0.714932753066515,,inf,-0.1793015431693279,0.0,-7.438896984872045,3.756860606470645,inf,inf
287,2020-12-29,1.019223757273604,-0.36097699483010715,-0.10515407578506775,-0.5860890329751776,0.4136267694451643,-1.0544737708169176,0.5748286802923239,,,-0.4845488572580603,0.0,0.0,-0.4957312136551373,-inf,-inf
288,2020-12-30,0.5185434227698664,-1.135028322557579,0.46727903500686807,-0.22323341165543908,-8.650147284486286,-0.34122781617155873,-0.059330891291971,-inf,,0.30875652613772697,0.0,0.0,-2.7285172874836228,0.0,-7.777690390348342
289,2020-12-31,-0.20901808498843444,0.1252930624980646,-1.41018088876136,-0.03484174981485921,0.0,-2.0416785090366423,-9.302459591525617,-7.74473581802237,-inf,-0.506476645442282,0.0,0.0,-1.3921744015040387,0.0,0.0
290,2021-01-01,-1.4623199220775955,0.9510452285712692,0.7958054715411595,1.115954310993116,0.0,-0.0004497004325756393,10.054815296663403,0.0,inf,-4.538468063461988,0.0,9.013007868233478,1.0999629664627788,0.0,0.0
291,2021-01-02,0.9223301673134419,1.057760487288288,0.6304325536223878,-2.057441803951023,0.0,0.7302544644445241,-1.1212666979709223,inf,-inf,4.654028677645984,0.0,-1.4303204461281567,-0.39372732752252393,0.0,8.832689166432926
292,2021-01-03,0.42736513814571175,-1.0756001142936906,-0.10440031223321178,0.12549477157587585,0.0,0.589133885565106,-1.0220458576069253,-inf,0.0,0.5063331513700824,0.0,0.5697914621806444,0.24575305761372856,0.0,0.319669441773641
293,2021-01-04,-3.543039368549448,-1.0665006768266982,-0.21018464852130947,0.18443683340779593,0.0,0.006224268395989441,0.3711081759906394,inf,inf,0.09912662580579479,6.100579322906562,0.758744531451919,0.16030076383596992,0.0,0.6375139290253564
294,2021-01-05,2.5409376115108318,0.22831657059087807,-0.3213140131756589,-0.1212101391790501,8.770057620395367,-0.07525882389515814,-1.253934544625734,,,-0.18705609739371187,-0.16728754555327008,0.11360973831065735,-0.231421410504967,0.0,-0.24672258197748498
295,2021-01-06,1.095666070716339,1.3319860729513682,-0.05520252769032119,0.0006064930310145655,-0.7745008950584973,-1.6377008623558353,2.0611681614873927,,-inf,-0.09434583334780644,1.0850190784293927,-1.8357389134364732,0.31678218467436636,0.0,-0.09973971848969754
296,2021-01-07,-0.4266161646862727,-0.9668982457232289,-0.3571923018991683,0.6505935391162776,-7.995556725336869,2.6054782728686527,-0.8147869484280168,,0.0,1.0829879192444665,0.3471232528757655,0.13941480644450355,0.15493577190574293,inf,-1.0758028111347269
297,2021-01-08,-0.44578629091401645,0.17627249538100997,0.11239675403175475,-0.5269880229874104,0.0,-0.9037735562170006,-1.930195024824215,,0.0,-0.4198382327208039,-1.7866043687094555,inf,-0.7066167865125443,-inf,1.278968647819811
298,2021-01-09,0.16997023624766427,0.6760177609304598,0.11099412000054976,0.23940668167680812,0.0,-0.3931583982781186,3.119208756406442,,0.0,-0.2665792870793826,1.214784193152786,-inf,0.7889044630647302,0.0,-1.7961554451103678
299,2021-01-10,0.22147923368060418,-0.11081227791379966,0.48379265281277206,1.2878675082692084,0.0,0.7512365596156085,0.47805523584386833,,0.0,-1.1368470580612273,1.1245101383380884,-7.385986774947535,-1.0393293809082094,0.0,1.9463065661602998
300,2021-01-11,0.7845377821596387,-0.8714449342777879,-0.35743226931256267,-0.6639947772678685,0.0,-1.9939214331310824,-1.1611366776803944,,0.0,1.3265503171394188,-7.918124071439869,6.832051625609228,0.743977697526323,0.0,-1.6437770089144301
301,2021-01-12,0.044619262128826165,0.1785536702945052,-0.34003328094022756,-0.623458928624899,9.193210850647992,0.23643115456053554,-0.4020373494633045,,0.0,-1.2047254509385033,10.009233439755285,-0.07092961742235193,0.0807206229491717,0.0,0.9658460011797985
302,2021-01-13,-1.2163057716000125,-0.12302944454425457,-0.4064834097531662,-0.9334010898895855,0.6856021368197567,1.1948257307415568,-0.4852198330251145,,0.0,0.8413815681296786,-1.3431211935810552,0.6342214616273054,0.15528355681917372,9.615297570456207,0.17451286293176693
303,2021-01-14,1.1674596050209551,0.3523674150758591,-0.5533315640112662,1.0202170072712757,-1.020365768352514,1.3683901480569594,-1.1475979246355603,-inf,inf,-1.0708795709870422,1.438185366227696,-7.395343469814182,-0.4624566933880807,-9.615297570456207,-0.24866664177634945
304,2021-01-15,-0.6649471577593964,0.2263153239080129,0.9590587467956357,-0.08537688883886396,-8.858447219115234,0.2208329335260366,0.6985349830207479,6.120550745567278,,1.7101616807839672,-1.238401438107493,9.9749813250508,0.9753375048425559,0.0,-1.6466876800387569
305,2021-01-16,-1.6328344952902345,-0.23018546731019107,-0.22936717688263641,-0.8023206394395261,0.0,-1.8515470075813,-0.20092311708947364,1.2543528716832109,-inf,1.1500981429093127,-8.865896174294432,-0.6681298885038967,-1.1322691426989309,0.0,-7.397954727881786
306,2021-01-17,0.13080433218477783,0.7214287367464021,0.5631644276899124,1.0634118654503633,0.0,-0.2725277179543042,0.5911888501513971,0.4956203278334028,0.0,-0.9404035459570022,0.0,-0.663053238941961,0.0031327506507068392,0.0,8.647918578096354
307,2021-01-18,0.6737470138584056,-1.448334281123425,-0.6810467113666281,0.7170829925962376,0.0,0.07115717036566949,-0.8020269080942004,-0.42585622864521877,0.0,0.4129388452254039,10.018346857607224,-1.5138790499235038,0.48207793852083025,8.633177190058472,0.9346548832469246
308,2021-01-19,-2.226004067166861,1.390192908130703,0.5699937936164652,-0.8920646218036907,inf,0.5330191280181333,1.7201336611973588,0.18856442012772767,inf,0.753948527723959,-10.018346857607224,1.5763528705706973,-0.3124276981306675,-8.633177190058472,-0.9627660659486583
309,2021-01-20,2.51899531618973,-0.6679130650984533,-1.0574973079378154,-0.3267382379944852,-inf,-0.7324458552166728,-0.5998504873381396,1.0393805629623412,-inf,0.8697411589274466,9.551494148416387,-2.0069774138766654,-0.16080958185630934,7.912677852067349,0.45020264633620855
310,2021-01-21,0.44460825282955163,-0.4145240875445282,0.5323542962256393,0.12102103154585464,-7.687667847561146,-6.991549847250038,-1.4993127275746438,-0.9748130901205725,0.0,-0.019083142703335554,0.4293063893925506,1.0361837719514195,0.7096971945248383,-7.912677852067349,-1.810284938065747
311,2021-01-22,-1.7929596981741964,-3.429971719981495e-07,-0.16771431819534044,0.9602368563696775,0.0,8.239911858994263,0.16567175340230111,0.5471694245891241,inf,-0.08726097953378797,-3.4358712640494735,1.4173425284668237,0.22300304686573025,9.962882419783215,2.6745740578313626
312,2021-01-23,-0.4125660372369211,0.5291526071156998,0.05055226417076497,-0.6083033890257799,0.0,inf,-0.09079392654496221,-2.0879865844683074,-inf,-0.298091445320841,-6.544929273759464,-1.417208863544679,-0.8410633325563408,-9.962882419783215,-2.566512283999363
313,2021-01-24,1.3030248604272687,-0.11481760398577734,-0.2398523583286476,-0.29000845739029835,0.0,,0.4244627404619097,-6.156982449528986,0.0,0.3457095437513864,7.197477645656848,0.9129053040058794,0.24246927657813266,0.0,2.56142685766227
314,2021-01-25,0.41175329518080694,-0.7239394445503322,1.1488347858945573,0.0016223821560892304,0.0,,-0.9400231407895463,6.022684477708473,inf,-1.3374297369804014,8.64782289911048e-05,0.5040998124589002,0.8212036023671985,0.0,-1.2159666971382777
315,2021-01-26,-0.775686239119441,1.0807873453870496,-0.4396808031831956,0.17748095389239893,8.433146573437474,,-6.213196448934307,1.5588470175227247,,1.6995751908455459,0.7875113674545702,0.16208644634979663,-0.355861759518989,7.2535155164819995,-0.4051167386633594
316,2021-01-27,1.2800069278488735,-0.12329520286293416,0.22176085971125126,-0.0008436815066996672,-8.433146573437474,,6.575018705574518,-0.5109422955584044,-inf,-0.5028951815193263,-7.985075491340409,-1.019453544188286,0.36249564549286717,-7.2535155164819995,0.577643807604197
317,2021-01-28,-2.501609732506698,-0.00046448640959795284,-0.9867513932281717,0.5101940901238624,7.744780604553394,,inf,0.21387679959276706,0.0,0.7155551881382163,9.469301493838161,0.9117498911932387,-0.10626942153292163,9.361632086476344,-1.439110875976664
318,2021-01-29,2.2270127225866068,-0.22990986333743635,1.094976854800393,-0.9865600539530366,-7.744780604553394,,-inf,1.0726010811815705,inf,-1.1189732693812564,-2.3409875775054303,-2.507866324410859,3.3583957741852313,-0.7189915804314815,-0.33770035059388803
319,2021-01-30,-0.6301597096836478,-0.6457022358477893,0.6416278112298333,0.7382383057623887,9.988621002953089,,1.0825077821953526,-0.602528173967328,,1.1961123191724115,0.3413443634696929,2.4537027340895676,-0.667150847805928,-8.642640506044863,-7.108962880391359
320,2021-01-31,-0.01351451269511017,0.6606422322837684,0.05028790610613143,-0.40700114460684844,-9.988621002953089,,inf,-0.6521519392092916,-inf,-0.9518785874487117,-7.469658279802424,0.8305546199527587,0.31286449192556987,0.0,8.678537233163578
321,2021-02-01,1.7240119375894878,-0.43838653892992596,-0.845334166882056,0.4155722653791507,0.0,,,-0.872577454295846,inf,1.7058764358542051,6.233707417229556,-9.983390980700031,0.3114010136087586,0.0,0.28118388802672634
322,2021-02-02,-3.0111848497987843,0.6364367714224812,-0.5644240674454455,0.24410028305185705,0.0,,,1.539310731261379,,-0.2589129012026703,0.15791200992460652,inf,-0.33065914491843884,7.9840302030218275,0.27633928491736093
323,2021-02-03,-0.3644748673162148,0.5502277053195765,0.38410073812244505,-0.9590867071746434,8.236972396108714,,,-0.5853778758528838,-inf,1.1389161170026547,2.07851009618276,-inf,-0.014813315489062617,1.2710760668956151,-2.4052481569704174
324,2021-02-04,-0.15024216264722412,-0.7936038945755897,0.0008357595521175654,-0.694440401537042,-8.236972396108714,,,0.2127563900959446,0.0,-2.1483152129969376,-0.06164130227335818,inf,-0.5056671295843049,-9.255106269917443,1.800595993728983
325,2021-02-05,0.9351198864998729,1.2599456770557182,-0.7024032002562777,0.8929921276590704,0.0,,,-0.8294714826958645,inf,0.3587620967686753,-0.4275203869987374,,-0.6491323244773302,9.964595671594592,-2.170257622578064
326,2021-02-06,0.20256264575415273,-1.3731009791890276,0.9253972444412248,0.783272486327002,8.927338491957832,,,-0.14061539035268744,-inf,1.1326736254134229,-7.980967834064827,-inf,-1.232422191772086,-9.964595671594592,0.3026842136522889
327,2021-02-07,0.7348911083131249,0.9514469911328067,0.16297437511680712,0.05358309923271243,-8.927338491957832,,-inf,2.7841444707525236,0.0,0.3485174004582863,6.6885317493555245,0.8329333303647024,0.5237237910367973,0.0,1.278679990715517
328,2021-02-08,0.2946122797722932,-1.0147368604255522,-0.8475830302367307,-0.3902620026211654,0.0,,inf,-3.1596324415169086,0.0,-0.34156120081487806,1.160266146001395,0.0,0.8469191092311501,0.0,0.1251939311933512
329,2021-02-09,-0.782355153606674,0.11631299457898514,1.007217193813716,-0.33342426597480923,0.0,,-inf,0.9940867092651322,0.0,-1.3460732390148245,-7.8487978953569195,0.41820021458078127,-1.0002500885396657,0.0,-1.622446634393766
330,2021-02-10,0.1273462696943044,0.8385986108711521,-0.5270526943122249,-0.3218832835454499,0.0,,-0.22924157399467404,0.6697362502556903,0.0,-8.317844558907868,6.145848607789015,-1.1666674493076812,1.3732154161648964,0.0,2.157812700190826
331,2021-02-11,-0.855104357876824,-0.44054273136807076,-0.9066166352673433,1.0422410805628282,0.0,,0.5554496091778285,0.3319913757900599,0.0,7.963924304869298,1.4471264184512513,1.3705906437992805,-0.5286426047455652,0.0,-1.1646380695645986
332,2021-02-12,0.20798300331734776,-0.17196947887120295,0.42701847080820077,-0.25957831769395945,8.351614843257122,,0.10398171063454242,1.402525151680159,0.0,-7.963924304869298,-0.4688173883020097,0.7510307862260825,0.04638950248835272,7.858619359846823,-0.6919385148307224
333,2021-02-13,1.0729763569575992,-0.7173004476433338,1.4212111487041206,-0.13752478795771594,-8.351614843257122,,0.4890681716705334,-1.9683030729133737,0.0,0.0,-7.124157637938256,inf,-0.01230103047741693,-7.858619359846823,0.4934059935383672
334,2021-02-14,-0.3738650449874985,0.5401935773629756,0.1470474428310471,1.2330611518579229,0.0,,-0.3674851706565576,-0.20725692999093503,0.0,6.885203799333768,0.0,-inf,-0.1295996092197491,0.0,-7.33990423078943
335,2021-02-15,-0.3777230499083668,0.11395009430497893,-0.9431745972250489,-1.7067931671914511,0.0,,-0.7201523184956189,-7.2737033987529,0.0,1.0678557607518586,7.930482018913115,inf,0.614527664850792,0.0,6.475473926363241
336,2021-02-16,0.7986809023858115,-0.29434275265804466,0.5609963785931935,-0.11406736168060938,0.0,,1.5443885652944909,8.0616383419377,0.0,0.23930816211804196,-7.930482018913115,,0.20434951621056108,0.0,1.824439297969274
337,2021-02-17,-1.6240179447993057,0.0008912823152300575,-0.28747418172687134,0.4662718603377076,0.0,,-0.5849406787390379,-0.5241956878257916,0.0,-0.5772838766692932,8.055440115837245,-inf,-0.012775521093780995,0.0,0.8049634460156625
338,2021-02-18,1.2615742385481692,0.6289402612549111,-0.4396619334774634,-0.4059663712644568,inf,,-1.1000579685440224,0.32576520906472073,8.37222298120749,0.8022249642231714,0.6016433266457231,7.1750849566973915,0.04082292649780506,0.0,-0.506137481131125
339,2021-02-19,-1.2651635119391331,-0.9262121312392289,-1.1873204769613812,-0.6381613583410113,-inf,,-0.43248382219059156,-1.0379941759134654,-1.5254918143357754,-1.0837390962760969,-1.73140180364409,-0.5751837365077863,0.19779171421676978,0.0,0.11721855440566209
340,2021-02-20,3.1093045159485984,0.8207438710023762,1.264672741978127,2.02872038986236,inf,,2.3420976918564733,inf,-6.846731166871714,1.4235879723661613,0.9492922434520965,0.9084623840557144,-0.5476696594377088,0.0,-8.715957743622715
341,2021-02-21,-0.20491266866605073,-0.2873727154803962,-0.01664748596414256,0.3089844029870079,,-inf,0.2153581305967407,,0.0,-0.05712601360991165,-7.874973882290974,-7.50836360424532,-0.40515157714694183,0.0,7.875252657326164
342,2021-02-22,-2.122677022160971,0.7203616289125581,-0.16911451933277988,-1.292156190058403,-inf,-0.6757790249080937,-2.4115068186018087,,8.16249877861121,-1.3665037027281501,8.089795554913549,0.0,0.325791969895743,0.0,-0.25820517617951566
343,2021-02-23,-1.922180445769146,0.4156542271977912,-0.17353929826109749,-0.6005769059202937,inf,-1.4724259527940156,-6.704789758277047,-inf,-8.16249877861121,-1.0220660405168305,0.7719574800739242,7.636735786530478,-1.3818711541984312,0.0,0.6910213384328481
344,2021-02-24,0.9347374782046378,0.1550072971796439,-0.6014099184111039,0.4234901792187067,-inf,1.9341333678996762,8.387248445346376,inf,6.491453950327346,inf,-0.058428509082808944,-0.7464984869917233,1.4132995441855192,inf,inf
345,2021-02-25,-0.5969979353162937,-0.7332369832069165,1.4871950141513466,0.6785904896672346,0.0,-2.0461609554278457,-0.7327044171033004,,-6.491453950327346,-inf,0.5526835582919833,1.890928211758177,0.6223088330531876,-inf,
346,2021-02-26,-0.8476627073744947,-0.6210208557283945,-0.15929198028512914,0.5287780923744201,0.0,0.6567006004226359,0.4347654029930821,,0.0,8.15810832944751,-9.356008084196647,-1.9645848656219096,-0.5906511097300076,0.0,-inf
347,2021-02-27,-0.6889189699883689,1.349015109659133,0.6323410237748526,-0.36965091529260796,inf,1.4914280202913188,-0.30709181631893223,-inf,0.0,-0.8323939536352176,7.3696394313494284,-6.816580645675022,0.7100733346247825,inf,-1.5447594406205747
348,2021-02-28,-0.0994904974408799,-1.4692793734170735,-1.106026050830387,0.2627540177111829,-inf,-0.6450129075140865,-0.9961157458255592,8.669934966807492,7.943712616406513,0.7750432041428104,-7.3696394313494284,9.693004766042456,-0.6205174181782844,-inf,3.5192819351576423
349,2021-03-01,1.5803482904894324,-0.06937821075099038,-0.2834333284399797,0.20475240975417108,0.0,-0.26985906099453594,-0.1455347740454087,0.05458091755886407,-7.943712616406513,-0.43992905030384044,9.343227293685393,-0.9536286139225023,0.4180401057989531,inf,-2.859488712882732
350,2021-03-02,-0.33415223478168166,-0.4200011644488253,-0.4749077593682287,-0.5255251475275102,inf,0.07160453811305878,1.2796295833406237,inf,0.0,-0.06359640086650575,-0.05841160493591069,-1.759672055763641,-1.1264764093470312,-inf,1.2833587643709015
351,2021-03-03,-1.702047911076353,-0.25040067196252647,0.0014786521308174372,-0.44325005065968703,,-0.7735554017314747,1.5918184089906635,-inf,0.0,1.493036622931391,0.5305957752315784,0.8079004259995788,-0.054213054244259595,inf,-0.1798912123990437
352,2021-03-04,1.6255949304886248,2.2528089120996038,0.3617034555823935,0.54895543703139,-inf,0.8585496614001862,-0.8642156286675249,2.5364221786166636,8.186510892401804,-2.546010851201733,-0.6448635975499304,-0.528422856209743,0.4531754086731059,-inf,0.6406259791102329
353,2021-03-05,-0.345185019471244,-1.5782234069483376,-0.5447586695356437,-1.1333239289918975,inf,-0.7070877779209228,-0.46261480032032765,-9.411073838590907,-8.186510892401804,1.3153560766107546,-1.1213843171976308,-0.1280865825177564,-0.21962404381805278,inf,-1.1427419741200753
354,2021-03-06,-0.4838444797030963,0.728344213918529,1.6085665694010514,1.4493029031981681,-inf,2.1988860891765674,1.1550952339163576,inf,0.0,-7.859613977125169,0.365268577523576,inf,0.38845411212679615,-inf,-0.7464721366778324
355,2021-03-07,0.4025142678671436,-0.10809008227415084,-0.22977610704774953,-0.80609576546642,inf,-1.3490958175948133,0.3301131344938213,-inf,0.0,9.10837768174964,-8.414432126757076,-inf,0.4246627924599853,0.0,2.216836293721429
356,2021-03-08,-0.28821154783815306,0.5840651918613347,0.6735846362902116,0.7558219951224885,-inf,-0.15886050318718326,-0.19726599367494657,-1.0789072086172933,9.994372867686875,-2.3274831615091784,9.533046314269798,-8.416061305679378,0.33218695427285994,0.0,-0.10997743854563424
357,2021-03-09,0.7393706451532474,0.3232260656180621,-0.017165887389619883,0.30718154951155974,inf,0.7370258697423857,-1.6844602305162057,inf,-0.9994090489421605,2.161662837562268,-1.0660771437789105,inf,-1.100535050941975,0.0,-1.4942769053964131
358,2021-03-10,-0.643335586303766,-0.8481366477348349,-1.2174689413056363,-0.7833460470150282,-inf,-1.9032634646200952,inf,-inf,-1.125337549282027,-0.03477829024626189,1.2191885094610821,,-0.22327970249870077,0.0,1.6549543157341997
359,2021-03-11,0.994276046066565,0.3222916870612256,0.39067873224020033,0.8217589001165848,inf,1.0875322550937385,-inf,-0.1163713934416375,0.12594669967020167,-0.6971400854718972,-0.5393369447590963,-inf,0.5590647551082846,0.0,-0.7298411571670567
360,2021-03-12,0.10332076170225157,-0.7631841983029553,0.374977791392892,-1.9962533121007633,-inf,0.4734301432597636,1.4077403490477796,0.6613958742734951,1.1645346640036367,1.4091909353427923,-9.146820735192874,inf,0.11052083138591406,0.0,-0.7338158560744183
361,2021-03-13,0.4767432860410903,1.2428336685643782,0.3670039906426794,0.9992942219414092,0.1443696162628214,0.06903681741423284,-0.10121632688261073,0.7114443699348474,0.8103206203593043,-0.762275977717243,0.0,,0.16180780274198447,0.0,-7.799334273108752
362,2021-03-14,-0.9871594656295786,-1.1557717502498939,0.08193947175622185,0.4332221349803955,-0.55635299791353,1.1634074939509738,-2.0259074877518755,-1.7312048142702405,-0.0016542625398265898,0.44148259752246055,8.392800678453954,-inf,0.05561424604075249,0.0,9.258381576186272
363,2021-03-15,0.18794085737620225,0.44180945197106425,-0.6139556909278223,-0.5441341952574685,-1.3486397880631742,-1.778912929004397,inf,0.2948656142675734,-0.012123567610291985,-1.79532269163166,-8.392800678453954,inf,0.43951251410698866,0.0,0.10598863516918478
364,2021-03-16,0.49520196954384677,-0.49186226973703207,-0.21146679771164045,0.6515084820819723,-1.788915235724076,-0.29633396343468554,-inf,inf,-1.5668267466852974,1.2377189098608907,0.0,,-0.879855038679116,inf,-1.133623747831793
