date,flu,cough,fever,headache,lagnat,rashes,sipon,ubo,ecq,face-shield,Frontliners,masks,Quarantine,social-distancing,work-from-home
2020-03-16,204.08163265306123,112.16227180527385,102.10526315789473,93.02803738317758,74.81296758104739,71.69916434540389,120.554272517321,110.30303030303033,0.0,0.0,15.428571428571429,76.0,200.0,167.5977653631285,135.44018058690745
2020-03-17,102.04081632653062,95.8052738336714,98.94736842105264,100.09345794392524,106.23441396508728,93.42618384401112,115.73210161662816,92.12121212121212,0.0,0.0,26.448979591836732,65.9622641509434,92.0,107.26256983240224,131.3769751693002
2020-03-18,77.55102040816327,101.6470588235294,98.94736842105264,82.42990654205609,118.20448877805488,40.19498607242339,75.94919168591223,87.27272727272728,2.1428571428571423,8.999999999999996,36.367346938775505,65.9622641509434,76.0,98.8826815642458,106.99774266365688
2020-03-19,77.55102040816327,87.62677484787018,94.73684210526316,68.29906542056075,74.81296758104739,63.00835654596099,77.15473441108544,92.12121212121212,0.0,8.368421052631575,20.93877551020408,98.94339622641508,72.0,83.79888268156425,86.68171557562076
2020-03-20,71.42857142857143,82.95334685598377,100.0,64.76635514018692,76.30922693266834,69.52646239554316,79.56581986143186,111.51515151515152,2.1428571428571423,6.631578947368419,28.653061224489793,54.490566037735846,78.0,87.15083798882682,90.74492099322798
2020-03-21,67.34693877551021,95.8052738336714,105.26315789473684,95.38317757009348,149.62593516209478,52.144846796657376,53.04387990762124,106.66666666666669,1.714285714285714,0.0,34.16326530612245,94.64150943396226,82.0,55.3072625698324,48.758465011286674
2020-03-22,74.73529411764706,108.8379705400982,85.39736346516007,104.63667820069205,115.63092269326684,94.76051779935274,98.39479392624727,58.58093525179855,1.473684210526316,7.382297551789075,57.02752293577982,86.625,84.08860759493672,71.07692307692307,63.5868263473054
2020-03-23,79.26470588235294,114.56628477905072,71.85875706214689,87.19723183391004,83.51122194513717,99.8009708737864,51.930585683297174,109.68345323741003,1.842105263157895,8.120527306967983,61.779816513761475,77.385,79.77637130801688,58.153846153846146,83.74850299401199
2020-03-24,61.14705882352941,101.96399345335514,82.27306967984934,97.66089965397924,91.54114713216958,91.73624595469256,80.6290672451193,92.23381294964028,2.210526315789474,9.386064030131823,74.84862385321101,49.665,75.46413502109705,77.53846153846153,79.09580838323355
2020-03-25,65.67647058823529,96.2356792144026,79.1487758945386,88.3598615916955,73.87531172069826,74.59870550161811,105.22776572668111,108.43705035971222,4.052631578947369,5.800376647834273,71.28440366972478,71.61,75.46413502109705,71.07692307692307,93.05389221556888
2020-03-26,61.14705882352941,107.6923076923077,85.39736346516007,94.17301038062284,93.14713216957608,80.6472491909385,113.42733188720172,124.64028776978417,2.947368421052632,7.276836158192089,76.03669724770643,49.665,77.62025316455697,37.153846153846146,77.54491017964072
2020-03-27,58.88235294117647,82.48772504091653,81.2316384180791,94.17301038062284,80.2992518703242,85.68770226537215,86.09544468546638,92.23381294964028,4.421052631578948,10.54613935969868,84.35321100917432,47.355,68.9957805907173,62.99999999999999,85.2994011976048
2020-03-28,61.14705882352941,88.21603927986907,67.69303201506591,105.79930795847751,105.99501246882794,95.76860841423948,94.29501084598698,107.19064748201436,4.052631578947369,7.487758945386062,92.6697247706422,79.69500000000001,49.59071729957806,41.99999999999999,35.67065868263473
2020-03-29,57.322834645669296,74.3076923076923,68.49756097560974,84.86888111888113,0.0,85.25951557093427,75.65137614678899,60.257309941520475,4.042780748663101,7.624413145539902,79.73199329983248,77.39189189189189,49.14893617021277,42.08092485549133,43.39483394833948
2020-03-30,48.503937007874015,56.0,63.46097560975608,99.9825174825175,96.14218009478672,94.94809688581316,67.6880733944954,57.6374269005848,5.727272727272727,10.779342723004689,85.59463986599664,51.59459459459459,57.34042553191489,50.17341040462428,54.96678966789668
2020-03-31,35.275590551181104,52.76923076923077,61.44634146341462,90.6818181818182,0.0,67.82006920415226,71.66972477064219,57.6374269005848,7.748663101604277,7.624413145539902,96.14740368509212,62.81081081081081,57.34042553191489,42.08092485549133,75.21771217712177
2020-04-01,35.275590551181104,49.53846153846153,52.38048780487804,79.05594405594407,144.21327014218008,74.60207612456747,70.34250764525993,64.18713450292398,8.759358288770052,6.7042253521126725,93.80234505862646,97.58108108108108,57.34042553191489,38.84393063583815,69.43173431734317
2020-04-02,35.275590551181104,53.84615384615385,58.42439024390243,116.25874125874128,96.14218009478672,96.88581314878894,57.0703363914373,108.72514619883042,11.117647058823527,11.69953051643192,116.08040201005024,112.16216216216216,55.292553191489354,40.46242774566474,56.413284132841326
2020-04-03,30.866141732283467,43.07692307692307,51.373170731707305,90.6818181818182,104.50236966824644,70.72664359861592,42.47094801223241,39.29824561403509,12.465240641711228,0.0,111.39028475711892,97.58108108108108,53.244680851063826,30.751445086705203,57.859778597785976
2020-04-04,37.480314960629926,48.46153846153846,57.4170731707317,103.47027972027972,0.0,69.75778546712803,49.10703363914373,60.257309941520475,13.139037433155078,11.568075117370883,117.25293132328306,81.87837837837837,55.292553191489354,35.60693641618497,34.715867158671585
2020-04-05,43.44827586206896,37.34200743494424,52.12765957446809,73.23465703971121,0.0,48.09259259259258,73.45116279069768,0.0,14.525469168900804,7.102941176470586,99.68464730290457,89.69491525423729,56.82352941176471,35.764705882352935,37.44186046511628
2020-04-06,39.103448275862064,40.542750929368026,50.04255319148936,98.80866425992782,441.0,66.24074074074073,50.009302325581395,70.57142857142857,33.78016085790885,6.8970588235294095,101.95020746887968,108.51977401129945,83.34117647058824,41.41176470588235,58.40930232558139
2020-04-07,32.58620689655172,43.74349442379182,46.91489361702128,89.50902527075814,0.0,78.03703703703702,48.44651162790698,0.0,33.10455764075067,9.985294117647056,78.16182572614107,75.29943502824858,58.71764705882354,45.17647058823529,64.39999999999999
2020-04-08,28.241379310344826,38.4089219330855,41.70212765957447,80.20938628158846,0.0,58.07407407407406,76.57674418604651,89.14285714285714,15.53887399463807,5.867647058823527,80.42738589211618,71.9774011299435,37.88235294117647,37.647058823529406,68.89302325581396
2020-04-09,28.241379310344826,42.67657992565056,47.95744680851064,94.158844765343,0.0,59.88888888888888,0.0,104.0,9.796246648793566,6.485294117647057,75.89626556016597,80.8361581920904,28.411764705882355,31.999999999999996,38.93953488372093
2020-04-10,45.620689655172406,46.94423791821561,46.91489361702128,105.78339350180508,0.0,63.518518518518505,0.0,0.0,9.458445040214478,5.249999999999998,62.30290456431535,85.26553672316385,26.51764705882353,0.0,29.953488372093023
2020-04-11,34.75862068965517,37.34200743494424,57.340425531914896,102.29602888086646,0.0,67.14814814814814,87.51627906976744,100.28571428571428,9.796246648793566,7.411764705882351,47.57676348547718,76.40677966101696,30.30588235294118,31.999999999999996,23.962790697674414
2020-04-12,8.736,19.48129675810474,37.39203354297694,90.31088082901556,63.88079470198675,75.54603854389724,71.33618233618233,44.27710843373494,21.705882352941178,0.0,50.57203389830509,57.13552361396304,25.681528662420384,16.0,15.82271468144044
2020-04-13,10.92,24.508728179551124,38.11111111111111,72.90155440414509,0.0,106.84368308351182,0.0,60.09036144578313,28.58823529411765,8.147806004618936,45.05508474576271,62.52566735112936,33.70700636942675,22.22222222222222,51.423822714681435
2020-04-14,9.464,18.852867830423943,38.11111111111111,95.75129533678758,0.0,91.73447537473236,33.225071225071225,45.33132530120482,27.529411764705884,7.242494226327943,47.813559322033896,54.97946611909651,32.10191082802548,23.11111111111111,33.62326869806094
2020-04-15,9.464,23.25187032418953,37.39203354297694,90.31088082901556,0.0,61.51605995717347,49.83760683760684,40.06024096385542,33.35294117647059,8.147806004618936,57.00847457627118,104.56878850102667,32.10191082802548,26.666666666666664,35.60110803324099
2020-04-16,42.224,54.67331670822943,60.40251572327044,88.13471502590674,98.27814569536424,55.04068522483942,65.47293447293447,80.12048192771084,5.294117647058823,11.316397228637411,75.39830508474576,72.22792607802874,43.3375796178344,50.666666666666664,94.93628808864264
2020-04-17,50.232,52.78802992518704,71.9077568134172,106.63212435233162,85.99337748344371,51.8029978586724,65.47293447293447,0.0,4.764705882352941,8.147806004618936,81.83474576271186,107.80287474332648,43.3375796178344,71.11111111111111,74.16897506925207
2020-04-18,50.96,58.44389027431422,59.683438155136265,85.95854922279794,122.84768211920527,61.51605995717347,57.655270655270655,80.12048192771084,4.764705882352941,5.9976905311778275,76.3177966101695,65.75975359342915,41.73248407643312,70.22222222222221,51.423822714681435
2020-04-19,29.047131147540988,31.353612167300383,45.61525129982669,94.54430379746836,0.0,71.26933333333335,127.70731707317074,0.0,23.2992700729927,6.461538461538457,60.615514333895455,51.68988764044944,37.78313253012048,0.0,28.363636363636363
2020-04-20,27.61270491803279,41.25475285171103,42.21837088388215,77.9746835443038,0.0,63.52266666666668,0.0,0.0,27.182481751824817,5.6816976127320915,65.21922428330524,72.17078651685394,43.18072289156627,42.93582887700535,61.45454545454545
2020-04-21,24.026639344262296,33.416349809885936,39.30675909878683,90.64556962025316,0.0,61.97333333333334,0.0,0.0,29.124087591240876,9.358090185676383,68.28836424957842,69.24494382022472,47.22891566265061,55.401069518716575,63.48051948051948
2020-04-22,22.95081967213115,28.0532319391635,36.39514731369151,84.79746835443039,241.5686274509804,80.56533333333336,0.0,0.0,29.124087591240876,7.01856763925729,62.15008431703205,87.77528089887642,41.83132530120482,47.783422459893046,58.077922077922075
2020-04-23,22.592213114754102,25.577946768060837,38.33622183708839,85.77215189873418,143.4313725490196,82.11466666666668,0.0,217.00000000000003,58.24817518248175,4.567639257294426,70.59021922428332,53.64044943820225,55.32530120481928,42.24331550802139,53.35064935064935
2020-04-24,23.66803278688525,31.766159695817493,36.39514731369151,84.79746835443039,0.0,110.00266666666668,110.29268292682929,0.0,73.78102189781022,4.010610079575594,63.68465430016864,38.03595505617978,76.91566265060241,36.01069518716577,53.35064935064935
2020-04-25,25.102459016393446,25.577946768060837,41.73310225303293,97.46835443037976,0.0,111.55200000000002,0.0,0.0,25.24087591240876,4.901856763925726,64.45193929173693,61.442696629213486,33.734939759036145,34.62566844919786,45.922077922077925
2020-04-26,24.0343347639485,29.95804195804196,41.63513513513513,91.41307814992028,140.00000000000003,97.4927536231884,0.0,0.0,22.568965517241377,4.508474576271184,53.08648648648648,0.0,35.97222222222222,0.0,36.03364485981309
2020-04-27,19.15236051502146,28.195804195804197,37.945945945945944,92.44019138755982,0.0,119.50724637681158,85.54000000000002,91.76829268292684,32.82758620689655,5.694915254237285,62.31891891891891,85.7632241813602,38.85,43.16666666666667,58.64299065420561
2020-04-28,26.663090128755368,23.34965034965035,40.581081081081074,101.6842105263158,0.0,72.33333333333333,73.47666666666669,63.32012195121952,38.98275862068965,4.627118644067794,59.24144144144144,81.24937027707809,47.483333333333334,33.574074074074076,55.816822429906544
2020-04-29,28.91630901287554,29.51748251748252,30.567567567567565,90.38596491228073,0.0,72.33333333333333,109.66666666666669,84.42682926829269,32.82758620689655,6.762711864406776,76.93693693693693,93.66246851385392,38.85,37.68518518518519,70.65420560747664
2020-04-30,25.912017167381975,21.146853146853147,40.05405405405405,81.14194577352472,0.0,77.05072463768116,0.0,61.48475609756098,45.137931034482754,7.593220338983047,59.24144144144144,66.5793450881612,37.41111111111111,63.03703703703704,67.1214953271028
2020-05-01,28.91630901287554,29.076923076923077,42.16216216216216,92.44019138755982,168.00000000000003,100.63768115942028,0.0,0.0,34.87931034482758,6.644067796610166,57.702702702702695,60.93702770780857,33.09444444444444,34.94444444444445,44.51214953271028
2020-05-02,21.405579399141633,27.755244755244757,40.05405405405405,94.49441786283892,0.0,111.64492753623188,60.31666666666668,0.0,30.775862068965512,6.169491525423726,58.472072072072066,59.80856423173804,27.33888888888889,46.592592592592595,45.21869158878505
2020-05-03,20.78915662650602,30.52727272727272,34.57142857142858,81.1743119266055,0.0,74.29245283018868,210.00000000000003,0.0,25.083333333333332,7.033175355450233,35.79459459459459,83.07399103139014,29.66187050359712,32.66666666666667,32.79158699808796
2020-05-04,23.298192771084334,24.25454545454545,34.04761904761905,70.01284403669725,0.0,67.68867924528301,0.0,105.75539568345324,32.80128205128205,7.298578199052129,44.74324324324324,49.4237668161435,34.34532374100719,35.08641975308642,44.16826003824092
2020-05-05,13.62048192771084,25.509090909090904,33.0,74.07155963302752,0.0,85.84905660377359,0.0,0.0,30.871794871794872,8.890995260663502,52.87837837837838,94.64125560538118,26.539568345323744,31.45679012345679,65.58317399617592
2020-05-06,14.69578313253012,21.745454545454542,38.23809523809524,77.11559633027522,0.0,125.47169811320754,0.0,0.0,25.083333333333332,9.819905213270136,32.54054054054054,84.12556053811659,26.539568345323744,47.18518518518519,47.51434034416826
2020-05-07,15.412650602409636,22.16363636363636,28.28571428571429,75.08623853211009,0.0,92.45283018867924,0.0,104.24460431654676,65.6025641025641,10.21800947867298,47.9972972972973,45.21748878923767,39.02877697841727,50.20987654320988,48.8527724665392
2020-05-08,20.78915662650602,20.909090909090907,34.04761904761905,79.14495412844036,0.0,104.00943396226415,0.0,0.0,59.81410256410256,6.104265402843598,48.810810810810814,60.99103139013453,32.78417266187051,60.49382716049383,48.8527724665392
2020-05-09,10.39457831325301,15.890909090909089,28.80952380952381,96.39449541284404,0.0,150.23584905660377,0.0,0.0,61.743589743589745,6.63507109004739,38.23513513513514,51.526905829596416,28.100719424460433,36.901234567901234,62.23709369024857
2020-05-10,13.214285714285712,16.19871794871795,30.28438228438228,65.05078125,0.0,122.7039627039627,0.0,0.0,58.51393188854488,0.0,27.22222222222222,39.51315789473686,25.8695652173913,36.90304182509506,43.15596330275229
2020-05-11,19.999999999999996,17.477564102564106,31.85081585081585,83.1796875,0.0,119.63636363636364,0.0,0.0,147.36842105263156,6.999999999999997,37.333333333333336,66.8684210526316,35.0,42.532319391634985,55.38348623853211
2020-05-12,16.428571428571427,19.18269230769231,30.806526806526804,77.84765625,0.0,153.37995337995338,0.0,0.0,216.71826625386993,4.666666666666665,35.77777777777778,75.98684210526318,152.17391304347825,43.78326996197719,53.944954128440365
2020-05-13,16.785714285714285,18.330128205128208,36.02797202797203,81.046875,0.0,65.95337995337995,0.0,0.0,110.52631578947368,5.526315789473682,37.333333333333336,74.97368421052634,53.260869565217384,43.78326996197719,61.13761467889908
2020-05-14,17.857142857142854,15.7724358974359,31.328671328671327,68.25,252.0,67.48717948717949,97.27586206896552,0.0,65.01547987616098,7.2456140350877165,33.44444444444444,87.13157894736845,38.04347826086956,58.79467680608366,58.26055045871559
2020-05-15,19.999999999999996,23.44551282051282,33.93939393939394,74.6484375,0.0,58.28438228438228,0.0,0.0,52.01238390092878,7.736842105263155,29.555555555555557,65.85526315789477,41.086956521739125,48.16159695817491,62.57614678899082
2020-05-16,35.71428571428571,22.59294871794872,29.76223776223776,95.9765625,0.0,70.55477855477855,119.72413793103448,0.0,49.84520123839009,9.824561403508769,30.333333333333332,51.671052631578966,39.565217391304344,55.04182509505704,57.54128440366972
2020-05-17,38.30188679245283,19.458483754512635,32.109515260323164,82.64999999999999,0.0,87.81818181818181,0.0,0.0,33.53808353808354,8.867562380038386,32.33443708609271,89.58715596330276,33.54523227383863,46.614814814814814,39.328947368421055
2020-05-18,35.62075471698113,27.79783393501805,30.78994614003591,94.05,0.0,85.27272727272727,0.0,72.31132075471699,31.81818181818182,10.345489443378115,31.29139072847682,109.8165137614679,31.149144254278728,75.18518518518519,73.03947368421053
2020-05-19,29.492452830188675,16.95667870036101,34.30879712746858,52.25,0.0,108.1818181818182,196.0,59.43396226415095,24.50859950859951,11.823416506717848,27.119205298013245,95.36697247706422,24.440097799511,66.91481481481482,69.02631578947368
2020-05-20,26.42830188679245,19.736462093862816,35.188509874326755,81.7,0.0,98.0,0.0,0.0,19.77886977886978,9.458733205374278,28.162251655629134,82.36238532110093,26.35696821515892,75.18518518518519,62.60526315789474
2020-05-21,25.279245283018867,21.68231046931408,32.549371633752244,65.55,0.0,119.63636363636364,0.0,0.0,27.948402948402947,14.77927063339731,34.7682119205298,101.1467889908257,32.58679706601467,47.36666666666667,53.776315789473685
2020-05-22,21.83207547169811,23.072202166064983,36.06822262118492,78.85,0.0,127.27272727272728,0.0,0.0,21.4987714987715,12.41458733205374,24.337748344370866,70.80275229357798,25.39853300733496,45.111111111111114,70.63157894736842
2020-05-23,26.045283018867924,25.296028880866427,43.98563734290844,76.95,0.0,73.81818181818181,0.0,78.25471698113209,15.90909090909091,9.310940499040305,31.986754966887418,80.91743119266056,22.52322738386308,49.62222222222223,58.5921052631579
2020-05-24,18.88524590163934,21.944444444444446,42.041999999999994,76.37194127243066,155.55555555555557,97.86792452830188,0.0,0.0,14.973509933774832,8.331786542923432,28.26444444444444,86.33776091081593,21.68141592920354,29.50819672131148,43.90661478599222
2020-05-25,24.393442622950815,20.0,33.72599999999999,92.45024469820554,0.0,91.42924528301889,0.0,0.0,20.25827814569536,9.50116009280742,32.91555555555555,122.20113851992409,23.415929203539825,42.78688524590165,63.32684824902723
2020-05-26,18.88524590163934,21.666666666666668,34.64999999999999,100.48939641109298,0.0,88.85377358490565,181.99999999999997,0.0,23.78145695364238,8.624129930394428,34.34666666666666,132.82732447817835,27.31858407079646,52.37704918032787,55.72762645914397
2020-05-27,20.45901639344262,15.833333333333334,32.80199999999999,92.45024469820554,0.0,84.99056603773585,0.0,0.0,19.817880794701985,9.208816705336424,23.25555555555555,107.59013282732448,26.01769911504425,58.278688524590166,71.7704280155642
2020-05-28,28.327868852459012,26.38888888888889,31.877999999999993,81.39641109298532,0.0,50.221698113207545,0.0,0.0,21.579470198675494,7.454756380510438,23.25555555555555,96.9639468690702,43.36283185840708,54.59016393442623,75.147859922179
2020-05-29,29.114754098360653,18.055555555555557,29.105999999999995,87.4257748776509,138.44444444444446,77.26415094339623,0.0,0.0,19.817880794701985,10.524361948955914,18.962222222222216,78.36812144212523,33.823008849557525,37.622950819672134,72.6147859922179
2020-05-30,27.93442622950819,16.11111111111111,26.795999999999996,85.41598694942903,0.0,55.37264150943396,0.0,0.0,12.771523178807945,9.354988399071924,0.0,75.71157495256166,20.38053097345133,39.8360655737705,51.505836575875485
2020-05-31,23.41592920353982,16.07407407407407,35.29277566539924,92.79794520547944,0.0,92.76073619631902,0.0,0.0,11.052631578947368,10.967117988394577,26.688654353562,80.78239608801955,22.791808873720136,48.572984749455344,67.54054054054055
2020-06-01,27.50442477876106,20.222222222222214,31.67300380228137,86.1695205479452,0.0,80.16359918200409,125.17037037037038,0.0,14.327485380116958,11.102514506769818,20.72295514511873,78.0440097799511,22.791808873720136,63.51851851851852,80.4054054054054
2020-06-02,23.41592920353982,23.33333333333333,32.57794676806084,64.39041095890411,0.0,91.6155419222904,0.0,73.66055045871559,10.643274853801168,7.1760154738878095,0.0,90.36674816625916,18.061433447098977,45.5838779956427,69.14864864864865
2020-06-03,17.84070796460177,22.29629629629629,35.29277566539924,75.75342465753424,0.0,64.13087934560328,0.0,0.0,9.82456140350877,13.133462282398444,20.408970976253293,62.982885085574566,15.051194539249147,54.551198257080614,73.16891891891892
2020-06-04,28.61946902654867,23.07407407407407,34.840304182509506,71.96575342465754,0.0,83.59918200408998,0.0,0.0,8.596491228070175,9.61315280464216,18.21108179419525,86.25916870415647,15.48122866894198,49.3202614379085,68.3445945945946
2020-06-05,21.929203539823007,17.888888888888886,30.315589353612168,74.80650684931507,0.0,66.42126789366053,0.0,78.63761467889907,8.187134502923977,8.80077369439071,14.757255936675458,72.56723716381417,15.48122866894198,40.352941176470594,66.73648648648648
2020-06-06,25.27433628318584,24.111111111111104,38.00760456273765,87.11643835616438,0.0,81.30879345603272,112.82962962962964,64.70183486238531,7.368421052631579,9.206963249516434,18.21108179419525,88.99755501222494,16.341296928327644,41.10021786492375,50.6554054054054
2020-06-07,24.35523114355231,20.049056603773582,30.97394789579158,86.90398550724638,0.0,85.16666666666669,69.60747663551403,45.5089058524173,6.829268292682927,5.115384615384615,0.0,97.85786802030456,13.517241379310342,26.14511041009464,33.123711340206185
2020-06-08,22.107055961070557,27.339622641509436,34.11623246492986,82.02173913043478,0.0,90.57407407407408,0.0,0.0,10.24390243902439,9.557692307692308,17.917098445595855,46.0507614213198,14.362068965517238,41.69085173501578,55.20618556701032
2020-06-09,16.48661800486618,20.960377358490568,29.17835671342685,65.42210144927536,0.0,56.777777777777786,0.0,36.157760814249365,9.817073170731708,7.942307692307692,0.0,73.39340101522843,14.784482758620689,35.33123028391167,50.605670103092784
2020-06-10,16.861313868613138,18.833962264150948,28.729458917835668,68.35144927536231,0.0,74.35185185185186,63.196261682243,31.17048346055979,11.524390243902438,5.519230769230769,0.0,73.39340101522843,13.517241379310342,37.451104100946374,59.80670103092784
2020-06-11,20.608272506082724,24.605660377358493,26.93386773547094,70.30434782608695,315.0,70.2962962962963,42.13084112149533,41.14503816793893,14.085365853658535,5.788461538461538,23.103626943005175,94.97969543147208,14.784482758620689,38.86435331230284,57.96649484536083
2020-06-12,22.48175182481752,20.049056603773582,39.05410821643286,82.02173913043478,0.0,68.94444444444446,55.86915887850468,51.11959287531806,21.76829268292683,4.846153846153846,25.93264248704663,93.54060913705584,14.362068965517238,22.61198738170347,56.126288659793815
2020-06-13,31.09975669099757,29.1622641509434,35.014028056112224,83.97463768115942,0.0,64.8888888888889,63.196261682243,39.89821882951654,30.73170731707317,10.23076923076923,24.046632124352328,87.78426395939087,12.672413793103445,21.90536277602524,44.16494845360825
2020-06-14,34.828009828009826,29.06966292134832,48.01754385964913,88.75560538116592,0.0,58.91275167785235,86.81102362204724,105.84192439862544,18.445360824742263,0.0,10.824281150159743,65.84848484848484,13.6099706744868,33.52886836027714,41.84782608695651
2020-06-15,27.948402948402947,35.11011235955056,30.793859649122812,67.33183856502242,0.0,40.30872483221477,84.20669291338582,0.0,25.97938144329896,12.67716535433071,17.466453674121404,79.51515151515152,23.381231671554247,31.33025404157044,30.43478260869565
2020-06-16,20.63882063882064,31.7123595505618,38.62280701754386,72.43273542600896,221.39534883720933,69.24832214765101,73.78937007874016,52.92096219931272,12.210309278350511,15.433070866141732,10.332268370607029,95.66666666666669,15.354838709677416,24.184757505773675,43.3695652173913
2020-06-17,26.65847665847666,16.98876404494382,30.793859649122812,62.23094170403587,0.0,79.58389261744966,48.61417322834646,61.38831615120275,25.97938144329896,10.472440944881887,0.0,91.93939393939394,17.797653958944277,43.42263279445728,51.7391304347826
2020-06-18,24.078624078624077,13.591011235955056,32.881578947368425,51.00896860986547,114.6046511627907,64.08053691275168,46.87795275590551,0.0,16.107216494845357,9.37007874015748,12.546325878594248,63.36363636363637,17.797653958944277,26.38337182448037,54.02173913043478
2020-06-19,23.218673218673217,20.008988764044943,27.66228070175439,41.827354260089685,0.0,73.38255033557047,55.55905511811024,44.45360824742268,16.886597938144323,10.656167979002625,11.070287539936102,72.06060606060606,15.703812316715538,37.926096997690536,54.02173913043478
2020-06-20,17.62899262899263,21.519101123595508,29.2280701754386,71.41255605381166,0.0,76.48322147651007,45.14173228346457,43.39518900343643,10.391752577319584,11.391076115485564,14.760383386581468,105.6060606060606,15.354838709677416,41.224018475750576,39.565217391304344
2020-06-21,16.728434504792332,30.08823529411764,33.03872437357631,78.28210526315789,0.0,45.10843373493976,65.04424778761063,54.49101796407185,4.083333333333331,7.322033898305085,0.0,79.30232558139534,10.852348993288588,25.73529411764706,43.482041587901705
2020-06-22,23.61661341853035,24.617647058823525,38.938496583143504,92.96,0.0,81.5421686746988,63.88274336283186,57.76047904191616,6.066666666666663,11.389830508474578,18.2,72.90697674418604,10.852348993288588,36.02941176470589,55.7882797731569
2020-06-23,19.188498402555908,26.441176470588232,36.57858769931663,66.05052631578947,0.0,65.92771084337349,88.27433628318585,40.32335329341317,5.249999999999997,10.372881355932204,0.0,44.76744186046511,11.36912751677852,27.279411764705884,61.531190926276
2020-06-24,21.648562300319487,34.647058823529406,37.16856492027335,80.72842105263157,141.20689655172413,86.74698795180723,65.04424778761063,74.10778443113772,3.966666666666665,11.389830508474578,16.45,67.7906976744186,11.885906040268454,27.794117647058822,82.04158790170133
2020-06-25,25.092651757188495,37.838235294117645,38.348519362186785,92.96,0.0,76.33734939759036,70.85176991150443,0.0,5.016666666666664,14.23728813559322,23.799999999999997,78.02325581395348,11.885906040268454,34.485294117647065,79.58034026465029
2020-06-26,28.04472843450479,26.441176470588232,33.62870159453303,75.8357894736842,0.0,76.33734939759036,81.30530973451329,69.74850299401197,5.599999999999997,14.440677966101696,18.549999999999997,42.20930232558139,11.36912751677852,33.97058823529412,64.81285444234405
2020-06-27,19.680511182108624,36.92647058823529,41.29840546697039,94.18315789473684,313.7931034482759,72.0,90.59734513274336,67.56886227544909,5.016666666666664,14.847457627118644,0.0,0.0,8.785234899328858,24.70588235294118,46.763705103969755
2020-06-28,26.6,34.33596837944663,33.9917695473251,92.60352422907488,141.0071942446043,49.578414839797645,97.78534923339012,93.5483870967742,4.144,12.322916666666664,0.0,49.45794392523365,11.843601895734595,0.0,48.42268041237113
2020-06-29,25.666666666666668,32.92490118577075,36.87242798353909,66.14537444933922,0.0,66.10455311973018,89.43781942078365,55.193548387096776,6.272,12.512499999999998,0.0,55.64018691588785,17.201421800947866,44.18497109826589,59.5360824742268
2020-06-30,46.666666666666664,31.043478260869563,40.32921810699588,76.96916299559471,0.0,67.75716694772345,59.6252129471891,43.96774193548387,9.968,11.564583333333331,23.333333333333332,69.03504672897196,28.199052132701414,28.323699421965316,63.50515463917525
2020-07-01,35.0,35.747035573122524,41.481481481481474,78.17180616740089,0.0,68.58347386172007,119.2504258943782,55.193548387096776,8.176,12.70208333333333,0.0,52.54906542056075,22.559241706161135,27.75722543352601,53.18556701030928
2020-07-02,32.666666666666664,35.27667984189723,48.971193415637856,84.18502202643172,138.18705035971223,78.4991568296796,109.71039182282794,39.29032258064517,5.376,12.891666666666664,0.0,60.79205607476636,13.53554502369668,40.786127167630056,51.597938144329895
2020-07-03,25.2,32.92490118577075,36.29629629629629,73.36123348017621,112.80575539568343,80.97807757166949,114.48040885860308,53.322580645161295,4.816,11.943749999999998,46.666666666666664,103.03738317757008,13.253554502369669,24.358381502890172,57.15463917525773
2020-07-04,25.2,35.747035573122524,42.057613168724274,74.56387665198238,0.0,78.4991568296796,109.71039182282794,65.48387096774194,3.248,17.062499999999996,0.0,50.48831775700935,12.407582938388623,30.58959537572254,51.597938144329895
2020-07-05,32.08071748878923,44.75409836065574,50.80412371134021,105.0,0.0,82.03125000000001,73.95409181636727,41.966981132075475,3.1111111111111107,12.138728323699423,0.0,69.48744769874476,11.924290220820188,0.0,43.03944315545244
2020-07-06,29.883408071748875,35.80327868852459,44.453608247422686,101.5,0.0,74.3106617647059,77.26546906187625,84.95754716981132,7.222222222222221,17.601156069364162,0.0,80.17782426778243,13.77917981072555,55.0561797752809,62.52900232018562
2020-07-07,24.609865470852014,36.25081967213115,47.91752577319589,84.0,104.39269406392694,54.04411764705883,89.40718562874252,44.01415094339623,6.555555555555555,11.127167630057803,0.0,71.62552301255229,14.044164037854888,34.13483146067416,71.46171693735499
2020-07-08,22.852017937219728,39.38360655737705,46.185567010309285,92.16666666666669,0.0,68.5202205882353,82.78443113772455,81.88679245283019,6.888888888888888,16.38728323699422,0.0,64.14225941422593,12.189274447949526,30.831460674157302,48.72389791183295
2020-07-09,31.64125560538116,38.9360655737705,54.84536082474227,85.16666666666667,161.12785388127855,85.89154411764707,62.91616766467067,56.29716981132076,3.888888888888889,13.352601156069364,0.0,71.62552301255229,10.864353312302836,40.741573033707866,54.40835266821346
2020-07-10,24.170403587443943,37.593442622950825,42.14432989690722,93.33333333333334,115.73972602739728,77.20588235294119,80.57684630738524,51.17924528301887,3.7777777777777777,16.79190751445087,0.0,76.97071129707112,12.454258675078863,0.0,29.23433874709977
2020-07-11,30.762331838565014,40.278688524590166,49.64948453608248,75.83333333333334,115.73972602739728,82.99632352941178,86.09580838323353,73.69811320754718,3.5555555555555554,17.601156069364162,0.0,76.97071129707112,8.744479495268138,35.235955056179776,40.60324825986079
2020-07-12,29.31697341513292,44.73963515754561,57.89922480620156,118.13285457809695,94.1818181818182,84.74336283185842,94.70588235294116,89.72115384615385,4.3898305084745735,17.239436619718305,0.0,91.05436893203884,10.991735537190085,23.28930817610063,36.96
2020-07-13,31.149284253578728,39.50414593698176,47.75193798449613,86.23698384201079,79.56739811912226,80.97699115044249,106.07058823529412,50.07692307692308,5.932203389830505,18.436619718309853,0.0,68.02912621359224,14.462809917355374,25.31446540880503,67.2
2020-07-14,23.820040899795497,40.456053067993366,59.68992248062016,80.33034111310594,68.20062695924766,75.3274336283186,83.34117647058824,58.42307692307693,6.050847457627115,15.323943661971828,0.0,59.65631067961166,15.909090909090912,27.845911949685533,47.879999999999995
2020-07-15,29.31697341513292,44.73963515754561,54.91472868217055,101.5942549371634,90.93416927899686,63.08672566371683,118.69803921568626,47.99038461538462,10.91525423728813,18.676056338028165,0.0,62.796116504854375,22.561983471074385,26.833333333333332,63.84
2020-07-16,33.439672801635986,46.16749585406302,59.68992248062016,98.05026929982049,89.3103448275862,70.61946902654869,61.87450980392157,46.94711538461539,8.186440677966097,23.94366197183098,0.0,87.91456310679612,19.090909090909093,23.28930817610063,48.72
2020-07-17,35.27198364008179,31.412935323383085,54.91472868217055,81.5116696588869,0.0,90.39292035398232,111.12156862745098,57.37980769230769,6.050847457627115,22.98591549295774,0.0,70.12233009708739,14.462809917355374,0.0,46.2
2020-07-18,41.68507157464212,39.98009950248756,50.139534883720934,92.14362657091564,95.80564263322884,66.85309734513275,68.18823529411765,83.46153846153847,0.4745762711864404,2.394366197183098,0.0,99.42718446601944,7.520661157024795,34.42767295597484,46.2
2020-07-19,38.76381909547738,40.402912621359214,50.626911314984696,95.25316455696203,157.88888888888889,128.9079229122056,79.5,60.6534090909091,3.0882352941176476,17.64,0.0,66.80536912751678,11.213270142180097,0.0,29.584905660377363
2020-07-20,40.100502512562805,35.29449838187702,58.27981651376145,94.14556962025316,0.0,101.83725910064244,115.5,65.62500000000001,4.11764705882353,15.68,0.0,84.43456375838926,12.075829383886257,28.796747967479675,50.01257861635221
2020-07-21,31.18927973199329,45.9757281553398,57.69113149847094,89.71518987341773,92.55555555555556,112.14989293361889,93.0,58.66477272727274,5.147058823529412,15.68,0.0,84.43456375838926,13.80094786729858,31.30081300813008,47.89937106918239
2020-07-22,38.3182579564489,41.79611650485436,53.570336391437294,108.54430379746836,117.96296296296296,47.69593147751608,108.0,61.64772727272728,6.176470588235295,15.68,0.0,70.51677852348993,12.507109004739338,32.13550135501355,44.37735849056604
2020-07-23,40.100502512562805,46.44012944983818,48.86085626911314,110.75949367088609,105.25925925925928,74.76659528907925,100.5,43.75000000000001,5.147058823529412,11.76,0.0,67.73322147651007,14.66350710900474,28.37940379403794,70.44025157232706
2020-07-24,37.42713567839195,36.22330097087378,58.868501529051976,103.00632911392408,114.33333333333334,55.43040685224841,75.0,59.65909090909092,6.176470588235295,9.8,0.0,92.78523489932886,12.938388625592417,0.0,52.125786163522015
2020-07-25,40.100502512562805,40.8673139158576,57.102446483180415,98.57594936708864,0.0,81.21199143468954,58.5,0.0,5.147058823529412,11.76,0.0,86.29026845637584,13.80094786729858,33.387533875338754,41.55974842767296
2020-07-26,38.13157894736841,47.94252873563219,48.644067796610166,101.11111111111111,0.0,75.43333333333332,140.0,57.68636363636364,7.474576271186441,12.25,0.0,77.32217573221757,14.590038314176244,0.0,55.0796812749004
2020-07-27,36.888157894736835,42.50574712643678,49.23728813559322,94.37037037037038,0.0,94.9,46.2,43.654545454545456,8.542372881355933,8.166666666666666,0.0,93.7531380753138,14.160919540229884,38.61290322580645,50.199203187251
2020-07-28,31.085526315789465,42.50574712643678,49.83050847457627,88.75308641975309,198.00796812749007,71.78333333333333,91.0,44.43409090909091,7.474576271186441,4.083333333333333,0.0,57.02510460251045,12.444444444444445,53.62903225806451,56.474103585657375
2020-07-29,30.256578947368418,39.04597701149425,58.13559322033898,108.97530864197532,178.2071713147411,60.83333333333333,84.0,74.05681818181819,7.474576271186441,8.166666666666666,13.658536585365852,64.75732217573221,13.731800766283524,40.75806451612903,50.199203187251
2020-07-30,41.44736842105262,41.02298850574713,48.050847457627114,84.25925925925927,0.0,71.78333333333333,60.2,0.0,8.542372881355933,10.208333333333332,15.024390243902438,53.15899581589958,19.310344827586206,0.0,59.9601593625498
2020-07-31,36.05921052631578,45.96551724137931,48.644067796610166,68.53086419753087,120.78486055776897,58.39999999999999,71.39999999999999,45.21363636363636,9.610169491525424,61.24999999999999,18.4390243902439,62.82426778242677,25.31800766283525,0.0,36.254980079681275
2020-08-01,38.13157894736841,42.01149425287356,47.45762711864407,91.0,0.0,77.86666666666666,88.19999999999999,77.95454545454545,13.881355932203393,42.875,36.8780487804878,53.15899581589958,12.444444444444445,0.0,41.832669322709165
2020-08-02,27.575757575757574,37.5,56.499130434782614,99.83606557377048,0.0,98.31591448931115,88.94904458598728,50.80975609756098,98.989898989899,27.840909090909097,56.96747967479674,52.8289156626506,43.25842696629213,28.060737527114966,45.76415094339623
2020-08-03,28.848484848484844,35.5,45.32347826086957,88.3606557377049,107.1451612903226,75.2541567695962,78.02547770700639,41.795121951219514,54.44444444444445,33.80681818181819,62.601626016260155,45.00240963855422,35.90449438202247,27.104121475054228,71.18867924528303
2020-08-04,23.333333333333332,36.5,54.01565217391305,88.3606557377049,0.0,67.97149643705463,67.1019108280255,54.90731707317074,15.83838383838384,43.75000000000001,38.1869918699187,44.024096385542165,19.033707865168537,24.872017353579174,61.74528301886793
2020-08-05,29.696969696969695,36.0,46.56521739130435,88.3606557377049,119.50806451612904,66.75771971496437,78.02547770700639,63.9219512195122,7.91919191919192,123.29545454545456,28.796747967479675,55.76385542168675,16.438202247191008,24.234273318872017,52.301886792452834
2020-08-06,28.848484848484844,33.5,48.42782608695652,97.54098360655736,117.4475806451613,84.96437054631828,62.420382165605105,43.43414634146342,7.91919191919192,198.8636363636364,20.65853658536585,63.59036144578313,13.84269662921348,0.0,53.75471698113208
2020-08-07,30.545454545454543,40.0,48.42782608695652,69.99999999999999,166.8991935483871,69.18527315914488,57.73885350318473,43.43414634146342,5.9393939393939394,145.17045454545456,23.788617886178866,69.46024096385543,12.977528089887638,18.81344902386117,52.301886792452834
2020-08-08,27.15151515151515,33.0,57.740869565217395,97.54098360655736,0.0,48.55106888361044,57.73885350318473,37.69756097560976,4.94949494949495,127.2727272727273,0.0,75.33012048192771,12.544943820224718,23.91540130151844,47.943396226415096
2020-08-09,24.367088607594937,31.307339449541285,44.58100558659218,87.8532110091743,93.1875,69.69094922737308,64.7093023255814,58.65234375,4.355555555555555,106.9090909090909,17.18181818181818,61.6,11.630769230769229,0.0,34.31372549019608
2020-08-10,27.468354430379744,29.380733944954127,46.927374301675975,92.47706422018348,80.0625,84.89624724061812,41.7015503875969,82.11328125,6.533333333333333,84.0,19.09090909090909,78.32000000000001,11.630769230769229,27.33665835411471,46.666666666666664
2020-08-11,20.82278481012658,33.71559633027523,39.88826815642458,85.54128440366972,64.3125,49.41721854304637,48.89147286821706,0.0,6.533333333333333,72.54545454545455,25.454545454545453,47.52,10.769230769230766,24.822942643391524,40.490196078431374
2020-08-12,29.683544303797465,26.490825688073393,47.513966480446925,110.9724770642202,77.4375,102.635761589404,63.27131782945737,42.65625,6.533333333333333,85.9090909090909,20.363636363636363,72.16,12.06153846153846,24.822942643391524,42.549019607843135
2020-08-13,26.139240506329113,32.27064220183486,48.687150837988824,98.25688073394495,74.8125,65.88962472406182,34.51162790697675,42.65625,9.8,76.36363636363637,24.18181818181818,59.84,11.630769230769229,28.593516209476313,44.6078431372549
2020-08-14,22.151898734177212,24.56422018348624,42.23463687150838,75.13761467889908,93.1875,88.69757174392937,64.7093023255814,46.921875,7.622222222222222,95.45454545454544,0.0,82.72,11.630769230769229,0.0,45.98039215686275
2020-08-15,24.367088607594937,32.27064220183486,45.167597765363126,79.76146788990826,0.0,112.77262693156734,53.20542635658915,0.0,7.622222222222222,87.81818181818183,12.727272727272728,59.84,14.646153846153844,20.42394014962594,25.392156862745097
2020-08-16,14.21875,25.600355239786857,34.34146341463415,81.83505154639175,0.0,82.30645161290322,84.60532150776052,55.24509803921568,1.66542750929368,21.06591337099811,16.867469879518076,53.55,7.848936170212765,0.0,32.141280353200884
2020-08-17,13.125,19.83126110124334,35.41463414634146,74.76288659793815,0.0,54.87096774193548,39.62527716186252,0.0,4.99628252788104,18.587570621468924,26.00401606425703,33.8625,17.723404255319146,0.0,44.503311258278146
2020-08-18,21.875,33.172291296625225,43.463414634146346,85.87628865979381,0.0,68.58870967741935,66.3991130820399,0.0,20.817843866171,61.958568738229744,39.35742971887551,78.75,25.319148936170212,46.7085201793722,38.94039735099338
2020-08-19,20.78125,33.53285968028419,45.07317073170732,78.8041237113402,0.0,81.1633064516129,48.192904656319286,46.43790849673202,10.20074349442379,60.71939736346515,19.67871485943775,44.8875,19.748936170212765,0.0,52.53863134657837
2020-08-20,27.34375,31.730017761989345,42.390243902439025,76.78350515463917,174.69565217391306,77.73387096774194,65.3281596452328,43.23529411764706,8.3271375464684,55.14312617702448,31.62650602409639,51.975,17.97659574468085,31.641255605381165,36.46799116997793
2020-08-21,20.5078125,33.89342806394316,53.65853658536586,91.9381443298969,0.0,96.02419354838707,107.09534368070952,45.63725490196078,5.412639405204461,58.86064030131826,25.30120481927711,0.0,15.191489361702128,0.0,48.211920529801326
2020-08-22,22.1484375,25.23978685612789,53.65853658536586,98.0,168.30434782608697,106.3125,71.75388026607538,54.44444444444444,4.5799256505576205,52.66478342749529,16.164658634538153,51.975,15.191489361702128,33.65022421524664,27.196467991169985
2020-08-23,19.639676113360327,27.63695299837925,43.32713754646839,89.98888888888888,0.0,77.2365805168986,53.17021276595745,0.0,2.013071895424837,33.45146726862303,24.48,44.383297644539624,10.4,0.0,26.41509433962264
2020-08-24,21.17004048582996,25.413290113452184,42.364312267657986,86.03333333333333,0.0,81.41153081510933,56.297872340425535,55.853731343283584,2.5620915032679736,33.45146726862303,21.08,39.45182012847966,11.8,38.61290322580645,45.19916142557652
2020-08-25,16.323886639676115,30.178282009724462,38.03159851301115,85.04444444444444,0.0,91.84890656063618,81.31914893617022,44.13134328358209,2.5620915032679736,28.869074492099323,17.0,40.15631691648823,10.6,33.84587813620072,51.06918238993711
2020-08-26,17.599190283400812,27.001620745542944,38.513011152416354,89.0,0.0,73.06163021868787,0.0,43.44179104477612,2.1960784313725488,26.57787810383747,31.96,38.7473233404711,10.0,0.0,34.63312368972746
2020-08-27,16.068825910931174,25.413290113452184,35.62453531598513,95.92222222222222,0.0,55.31809145129224,71.93617021276596,42.06268656716418,2.013071895424837,28.869074492099323,48.96,47.90578158458245,10.0,33.84587813620072,58.700209643605874
2020-08-28,16.578947368421055,29.542949756888163,24.552044609665423,78.12222222222222,0.0,59.49304174950298,65.68085106382979,0.0,2.65359477124183,27.494356659142213,43.52,57.76873661670236,12.4,26.695340501792113,28.17610062893082
2020-08-29,18.61943319838057,30.813614262560773,36.587360594795534,98.88888888888889,0.0,86.63021868787276,63.59574468085107,45.51044776119403,0.0,24.28668171557562,51.00000000000001,60.586723768736626,11.8,0.0,35.80712788259958
2020-08-30,13.161290322580642,26.03690036900369,43.24675324675325,90.85211267605636,0.0,93.33333333333334,53.503184713375795,74.11934156378601,1.5217391304347818,21.40753424657534,72.14794520547946,0.0,11.702882483370283,0.0,29.874476987447697
2020-08-31,18.580645161290317,25.416974169741696,39.88311688311688,90.85211267605636,0.0,80.0,0.0,0.0,3.0434782608695636,16.852739726027398,72.87671232876713,51.99756690997567,18.56319290465631,43.46086956521739,44.51882845188284
2020-09-01,15.2258064516129,22.62730627306273,35.55844155844156,68.37323943661973,0.0,78.88888888888889,49.22292993630573,0.0,3.271739130434781,23.684931506849313,29.15068493150685,57.85644768856448,14.32594235033259,28.973913043478262,42.76150627615063
2020-09-02,11.612903225806448,23.86715867158671,35.077922077922075,63.69014084507043,322.0,60.0,44.94267515923567,0.0,1.597826086956521,25.96232876712329,39.35342465753425,44.673965936739656,12.509977827050992,0.0,50.3765690376569
2020-09-03,19.09677419354838,18.28782287822878,40.36363636363636,69.30985915492958,0.0,67.77777777777779,46.01273885350319,50.901234567901234,1.597826086956521,17.30821917808219,32.06575342465754,46.13868613138686,11.702882483370283,0.0,45.69037656903765
2020-09-04,15.2258064516129,20.76752767527675,28.83116883116883,77.73943661971832,0.0,68.88888888888889,69.55414012738854,41.07818930041152,1.597826086956521,15.030821917808218,20.405479452054795,56.39172749391727,10.694013303769395,46.56521739130435,38.07531380753138
2020-09-05,19.09677419354838,30.996309963099627,36.03896103896104,71.1830985915493,0.0,111.11111111111111,72.76433121019109,50.901234567901234,1.3695652173913038,12.753424657534246,0.0,43.941605839416056,11.501108647450106,0.0,28.702928870292887
2020-09-06,13.856041131105398,30.281303602058316,35.25925925925926,85.19572953736653,0.0,87.7123595505618,53.08150470219436,0.0,1.6115107913669056,15.183098591549296,22.0,32.82185273159145,9.867469879518072,27.193415637860085,23.53982300884956
2020-09-07,15.619537275064268,24.0377358490566,33.79012345679012,80.46263345195729,101.61797752808988,72.7370786516854,0.0,72.62247838616716,2.820143884892085,14.262910798122064,16.133333333333333,31.425178147268408,9.487951807228916,0.0,43.548672566371685
2020-09-08,10.580976863753213,27.159519725557455,36.23868312757202,74.78291814946618,147.94382022471908,67.38876404494383,45.88401253918495,0.0,2.51798561151079,17.023474178403756,22.0,46.09026128266033,9.677710843373497,33.64609053497942,39.429203539823014
2020-09-09,14.359897172236504,25.598627787307027,34.2798353909465,73.83629893238432,0.0,73.8067415730337,31.489028213166144,44.29971181556196,1.510791366906474,14.72300469483568,24.2,55.1686460807601,9.10843373493976,0.0,35.309734513274336
2020-09-10,14.10796915167095,22.47684391080617,35.25925925925926,77.62277580071174,0.0,39.57752808988764,48.58307210031348,31.953890489913547,1.9136690647482004,12.422535211267604,19.066666666666663,41.90023752969121,8.349397590361447,28.5761316872428,42.96017699115045
2020-09-11,13.856041131105398,26.535162950257284,27.4238683127572,74.78291814946618,149.438202247191,64.17977528089888,48.58307210031348,56.64553314121038,1.8129496402877687,11.502347417840376,36.666666666666664,31.425178147268408,7.780120481927711,22.584362139917697,44.13716814159292
2020-09-12,15.619537275064268,25.910806174957113,35.748971193415635,65.31672597864768,0.0,70.59775280898877,59.37931034482759,46.47838616714698,1.8129496402877687,12.88262910798122,13.933333333333332,55.1686460807601,8.728915662650602,0.0,37.075221238938056
2020-09-13,9.926724137931032,21.925925925925924,30.847457627118644,76.92929292929293,0.0,62.53789731051344,57.263888888888886,67.2,1.1173708920187788,7.073684210526314,15.392670157068062,52.952506596306065,6.86968085106383,26.93986636971047,33.93377483443709
2020-09-14,11.193965517241375,23.703703703703702,26.10169491525424,70.1979797979798,0.0,50.677261613691925,59.11111111111111,50.400000000000006,1.4460093896713606,8.54736842105263,18.471204188481675,61.63324538258575,7.372340425531915,34.516703786191535,37.82781456953643
2020-09-15,11.616379310344826,25.777777777777775,27.52542372881356,54.81212121212121,0.0,64.69437652811736,51.72222222222222,52.5,1.2488262910798116,9.136842105263156,18.471204188481675,59.897097625329806,8.545212765957448,29.886414253897552,47.84105960264901
2020-09-16,13.517241379310342,22.814814814814813,25.627118644067796,54.81212121212121,0.0,31.26894865525672,54.49305555555555,0.0,1.2488262910798116,6.189473684210524,22.319371727748692,40.799472295514505,7.204787234042554,42.09354120267261,38.384105960264904
2020-09-17,13.306034482758616,25.185185185185183,25.627118644067796,65.389898989899,0.0,58.22493887530562,53.56944444444444,81.9,1.183098591549295,8.842105263157892,27.70680628272251,50.34828496042216,8.88031914893617,39.56792873051225,25.03311258278146
2020-09-18,20.275862068965512,19.25925925925926,42.23728813559322,80.77575757575758,0.0,85.18092909535451,52.64583333333333,0.0,4.666666666666664,24.168421052631572,20.01047120418848,0.0,12.73404255319149,7.155902004454343,35.60264900662252
2020-09-19,18.16379310344827,29.333333333333332,46.03389830508475,73.08282828282827,0.0,88.41564792176038,70.19444444444444,0.0,3.0892018779342707,20.04210526315789,24.6282722513089,63.36939313984168,11.393617021276595,8.839643652561248,33.37748344370861
2020-09-20,11.097560975609753,25.953488372093016,38.46315789473684,72.02281368821293,173.5772357723577,62.863930885529165,60.839050131926115,0.0,0.0,10.81188118811881,0.0,57.20430107526882,9.566160520607369,42.0,44.655172413793096
2020-09-21,12.048780487804876,25.67441860465116,31.83157894736842,83.44106463878327,0.0,57.874730021598275,34.90765171503957,0.0,2.406249999999998,12.752475247524751,23.333333333333332,59.21146953405019,8.882863340563985,47.47826086956522,36.17068965517241
2020-09-22,13.317073170731703,20.65116279069767,32.71578947368421,56.212927756654,147.54065040650406,56.8768898488121,50.86543535620052,0.0,2.989583333333331,8.455445544554454,32.666666666666664,31.11111111111111,9.83947939262472,36.52173913043478,41.52931034482758
2020-09-23,12.36585365853658,19.534883720930228,44.21052631578947,61.48288973384031,105.8821138211382,74.83801295896329,71.81002638522426,54.23478260869566,2.8437499999999973,8.178217821782177,21.77777777777778,34.12186379928316,8.199566160520602,18.26086956521739,39.74310344827586
2020-09-24,12.36585365853658,21.767441860465112,39.78947368421053,57.96958174904943,0.0,66.85529157667388,53.8575197889182,76.3304347826087,3.0989583333333304,12.475247524752474,35.0,47.16845878136201,8.882863340563985,23.73913043478261,38.40344827586206
2020-09-25,13.951219512195117,27.90697674418604,32.71578947368421,71.14448669201522,0.0,42.90712742980562,39.89445910290237,100.43478260869568,2.661458333333331,7.485148514851485,20.22222222222222,51.182795698924735,9.429501084598693,0.0,32.59827586206896
2020-09-26,15.85365853658536,26.511627906976734,32.27368421052631,59.726235741444874,0.0,99.78401727861772,65.82585751978891,0.0,0.0,9.84158415841584,14.0,0.0,8.199566160520602,0.0,25.9
2020-09-27,11.695422535211268,14.103321033210328,34.19281663516068,80.50582362728784,174.22222222222223,79.76095617529882,74.56387665198238,88.75471698113208,2.2184154175588837,11.780821917808218,17.514644351464433,76.0609756097561,9.153846153846152,22.4,23.80590717299578
2020-09-28,15.860915492957748,21.968634686346856,40.04158790170133,77.15141430948418,0.0,67.9780876494024,84.12334801762114,0.0,2.6381156316916456,8.767123287671232,17.514644351464433,50.70731707317073,13.461538461538462,24.0,35.25105485232068
2020-09-29,12.816901408450704,23.59594095940959,35.092627599243855,68.76539101497504,133.77777777777777,48.94422310756973,0.0,69.73584905660377,2.7280513918629516,9.452054794520548,23.577405857740583,57.28048780487804,12.653846153846152,38.400000000000006,37.99789029535865
2020-09-30,12.816901408450704,23.053505535055344,30.59357277882798,62.89517470881863,0.0,76.13545816733068,52.57709251101321,0.0,2.75802997858672,8.904109589041095,24.2510460251046,42.2560975609756,11.173076923076923,65.60000000000001,39.37130801687764
2020-10-01,13.137323943661972,22.23985239852398,31.043478260869566,83.86023294509151,0.0,60.72709163346614,43.01762114537445,65.50943396226415,2.0985010706638088,9.452054794520548,24.2510460251046,40.3780487804878,10.634615384615383,160.0,32.962025316455694
2020-10-02,9.612676056338028,17.35793357933579,33.29300567107751,58.70216306156406,0.0,58.91434262948208,95.59471365638768,0.0,1.5588865096359723,10.0,28.966527196652716,41.3170731707317,10.23076923076923,48.0,16.938818565400844
2020-10-03,15.059859154929578,24.680811808118076,33.742911153119096,72.1198003327787,0.0,62.539840637450204,84.12334801762114,0.0,0.0,11.643835616438356,24.924686192468616,0.0,9.692307692307692,33.6,30.67299578059072
2020-10-04,8.46774193548387,24.074766355140184,36.166666666666664,72.6147859922179,0.0,66.83870967741936,66.65671641791045,0.0,0.0,11.174950298210732,33.88841201716738,46.16564417177914,9.307116104868909,24.42105263157895,24.396825396825395
2020-10-05,9.455645161290322,22.26915887850467,29.915637860082303,73.4591439688716,0.0,51.48387096774194,60.59701492537314,40.71976401179941,2.4761904761904727,7.500994035785286,37.49356223175966,34.16257668711656,10.74906367041198,18.315789473684212,42.34920634920635
2020-10-06,10.302419354838708,17.755140186915884,28.129629629629623,55.72762645914397,0.0,74.06451612903227,88.47164179104479,52.65486725663717,3.1746031746031704,13.624254473161027,41.09871244635193,48.93558282208589,10.486891385767784,24.42105263157895,21.174603174603178
2020-10-07,12.701612903225804,26.783177570093457,37.05967078189301,50.66147859922179,0.0,46.06451612903226,0.0,38.61356932153392,2.6984126984126946,14.542743538767391,72.1030042918455,50.782208588957054,11.66666666666666,41.21052631578947,30.84126984126984
2020-10-08,7.479838709677418,19.5607476635514,30.362139917695472,59.10505836575876,0.0,28.903225806451616,0.0,39.31563421828909,2.9206349206349165,12.705765407554669,70.66094420600858,46.16564417177914,9.8314606741573,30.526315789473685,31.3015873015873
2020-10-09,11.854838709677418,29.190654205607473,29.469135802469133,61.63813229571984,0.0,29.806451612903228,79.98805970149255,66.69616519174042,2.7301587301587262,9.184890656063615,50.472103004291846,31.392638036809817,8.651685393258422,42.73684210526316,28.07936507936508
2020-10-10,9.73790322580645,21.36635514018691,25.897119341563783,60.793774319066145,0.0,66.83870967741936,110.28656716417912,0.0,0.0,8.266401590457255,30.283261802575108,43.395705521472394,9.307116104868909,21.36842105263158,24.857142857142858
2020-10-11,9.999999999999996,23.270270270270263,32.547008547008545,79.65822784810128,151.24409448818898,72.11869436201782,58.333333333333336,0.0,0.0,8.264851485148514,29.22051282051282,0.0,7.71428571428571,0.0,26.3373253493014
2020-10-12,13.499999999999996,20.14864864864865,30.63247863247863,54.81856540084389,0.0,52.34421364985164,68.83333333333334,72.2572463768116,2.7833827893175034,10.915841584158414,41.83846153846154,0.0,7.971428571428567,36.14130434782609,36.87225548902195
2020-10-13,9.83333333333333,22.702702702702695,33.02564102564102,59.10126582278482,0.0,87.24035608308607,54.833333333333336,76.94927536231884,2.908011869436198,5.925742574257424,40.51025641025641,0.0,9.38571428571428,20.923913043478265,24.716566866267463
2020-10-14,14.16666666666666,18.16216216216216,28.23931623931624,53.9620253164557,191.75590551181105,44.20178041543028,59.50000000000001,53.48913043478261,2.4510385756676523,8.888613861386137,41.83846153846154,61.599999999999994,9.38571428571428,0.0,33.63073852295409
2020-10-15,13.833333333333329,16.459459459459456,34.46153846153846,43.683544303797476,0.0,79.0979228486647,75.83333333333334,56.30434782608695,2.3679525222551896,10.136138613861384,36.52564102564102,77.0,9.899999999999997,39.94565217391305,30.389221556886227
2020-10-16,14.66666666666666,25.82432432432432,30.153846153846153,56.53164556962026,0.0,56.99703264094956,60.66666666666667,0.0,3.4896142433234374,7.329207920792077,38.51794871794872,49.0,9.899999999999997,51.35869565217392,33.225548902195605
2020-10-17,7.9999999999999964,20.432432432432428,34.94017094017094,58.24472573839663,0.0,0.0,0.0,0.0,0.0,11.539603960396038,30.548717948717947,64.39999999999999,8.742857142857138,26.6304347826087,17.828343313373253
2020-10-18,10.951859956236325,23.83589743589744,35.33460803059274,83.30131826741996,0.0,85.55555555555554,45.02772643253235,55.74660633484163,0.8453389830508434,14.03118040089087,26.878850102669407,56.5137614678899,11.40655737704918,0.0,27.868852459016395
2020-10-19,10.951859956236325,26.9948717948718,30.917782026768645,69.2617702448211,0.0,48.481481481481474,55.896487985212566,33.44796380090497,1.230932203389825,5.612472160356347,34.69815195071869,41.25504587155963,13.816393442622948,32.818604651162794,22.950819672131143
2020-10-20,7.245076586433259,24.410256410256412,30.516252390057364,58.03013182674199,0.0,38.9753086419753,55.12014787430684,29.963800904977376,1.48305084745762,13.048997772828509,39.096509240246405,27.69174311926605,15.101639344262292,39.85116279069768,27.459016393442624
2020-10-21,13.816192560175054,25.55897435897436,30.516252390057364,70.19774011299435,157.02272727272725,41.82716049382716,59.00184842883549,53.65610859728506,1.2902542372881294,7.436525612472161,37.630390143737166,46.34128440366972,14.137704918032783,0.0,25.0
2020-10-22,11.457330415754925,25.27179487179487,25.29636711281071,61.77401129943503,0.0,58.938271604938265,66.76524953789279,43.20361990950226,1.3050847457627055,8.138084632516705,37.630390143737166,38.429357798165135,13.334426229508194,53.330232558139535,25.81967213114754
2020-10-23,10.446389496717725,20.964102564102568,33.728489483747616,70.19774011299435,171.97727272727272,77.9506172839506,63.659889094269865,41.80995475113122,0.0,7.436525612472161,33.23203285420945,41.25504587155963,14.137704918032783,0.0,25.0
2020-10-24,12.131291028446388,20.964102564102568,23.690248565965582,84.23728813559322,0.0,33.2716049382716,74.52865064695008,50.171945701357465,0.8453389830508434,7.296213808463252,28.833675564681727,56.5137614678899,16.0655737704918,0.0,20.901639344262296
2020-10-25,6.791044776119401,24.99815157116451,35.27301092043682,74.7929104477612,0.0,0.0,87.36538461538461,0.0,0.0,7.19758064516129,21.11290322580645,59.87643020594965,13.943999999999992,0.0,23.574193548387097
2020-10-26,9.228855721393032,19.641404805914977,34.90171606864275,78.3973880597015,0.0,59.46749226006193,54.60336538461539,58.93072289156627,2.345549738219891,6.91532258064516,22.552419354838708,56.512585812356974,14.279999999999992,35.047945205479444,31.296774193548387
2020-10-27,15.845771144278602,27.67652495378928,32.302652106084246,62.17723880597015,0.0,54.613003095975245,70.48798076923077,58.93072289156627,2.6020942408376917,10.02016129032258,42.2258064516129,39.69336384439359,14.279999999999992,23.22945205479451,34.54838709677419
2020-10-28,10.447761194029848,22.617375231053604,31.931357254290173,63.9794776119403,0.0,57.04024767801859,44.675480769230774,47.144578313253014,0.0,12.56048387096774,39.346774193548384,39.69336384439359,11.927999999999994,0.0,40.64516129032258
2020-10-29,11.492537313432832,20.53419593345656,35.644305772230894,79.29850746268657,0.0,78.88544891640869,0.0,76.1566265060241,2.0523560209424048,14.11290322580645,47.98387096774193,0.0,10.583999999999994,23.22945205479451,25.2
2020-10-30,9.577114427860694,19.93900184842883,30.81747269890796,63.07835820895522,161.3954802259887,67.96284829721364,78.43028846153847,59.837349397590366,0.0,10.866935483870966,38.86693548387097,43.057208237986266,10.247999999999994,37.4931506849315,15.038709677419352
2020-10-31,6.616915422885571,25.59334565619223,37.129485179407176,61.276119402985074,209.6045197740113,74.03095975232199,77.4375,0.0,0.0,8.326612903225806,25.911290322580644,55.1670480549199,8.735999999999995,0.0,18.696774193548386
2020-11-01,10.057142857142855,26.01436265709156,35.71014492753623,69.98752228163994,0.0,56.87922705314009,58.20507399577167,53.71986970684039,0.0,7.625,0.0,64.25704225352113,7.456090651558069,0.0,33.389380530973455
2020-11-02,10.999999999999998,23.12387791741472,32.463768115942024,88.59180035650624,343.0,73.55072463768116,81.8245243128964,64.98371335504886,1.5641025641025614,7.5,29.763779527559052,78.08450704225352,8.40793201133144,0.0,26.01769911504425
2020-11-03,10.84285714285714,26.592459605026928,30.02898550724637,76.18894830659536,0.0,60.80193236714975,70.8583509513742,40.72312703583062,2.1794871794871757,9.875,40.677165354330704,0.0,8.72521246458923,73.88888888888889,32.08849557522124
2020-11-04,5.657142857142856,20.81149012567325,30.434782608695645,67.32976827094474,0.0,55.89855072463767,81.8245243128964,54.58631921824104,1.6410256410256383,7.5,34.22834645669291,45.54929577464789,7.77337110481586,0.0,38.5929203539823
2020-11-05,12.728571428571426,24.569120287253146,29.21739130434782,52.269162210338685,0.0,48.05314009661835,39.64693446088795,0.0,1.6153846153846128,5.375,38.69291338582677,43.109154929577464,8.09065155807365,0.0,36.424778761061944
2020-11-06,10.999999999999998,17.34290843806104,32.05797101449275,61.12834224598931,0.0,60.80193236714975,66.64059196617336,51.98697068403909,0.0,9.125,16.370078740157478,0.0,7.932011331444755,59.11111111111111,29.486725663716815
2020-11-07,15.714285714285712,22.545780969479353,34.086956521739125,81.50445632798575,0.0,50.01449275362319,0.0,0.0,0.0,9.0,29.267716535433067,0.0,7.614730878186965,0.0,0.0
2020-11-08,15.067264573991029,20.274074074074072,30.94259259259259,77.19560878243513,399.0,78.50828729281767,76.36363636363636,84.5404411764706,0.0,10.208333333333332,41.96682464454976,84.9767441860465,6.4367816091954,0.0,0.0
2020-11-09,10.201793721973091,26.53518518518518,33.75555555555555,55.399201596806385,0.0,52.71270718232043,49.21212121212121,61.37867647058824,1.632124352331603,7.486111111111111,41.203791469194314,0.0,7.563218390804595,0.0,39.30769230769231
2020-11-10,8.318385650224215,22.361111111111107,32.55,51.76646706586826,0.0,31.40331491712707,64.48484848484848,53.27205882352942,2.176165803108804,6.533333333333333,48.07109004739336,118.02325581395348,7.563218390804595,105.0,42.53846153846153
2020-11-11,8.004484304932735,21.466666666666665,25.718518518518515,72.65469061876247,0.0,53.834254143646405,63.63636363636364,0.0,3.191709844559579,7.894444444444444,29.75829383886256,0.0,5.79310344827586,0.0,43.07692307692307
2020-11-12,11.143497757847532,25.640740740740736,26.52222222222222,90.8183632734531,0.0,57.1988950276243,84.84848484848484,0.0,0.0,5.580555555555555,0.0,0.0,5.47126436781609,0.0,0.0
2020-11-13,8.318385650224215,21.16851851851851,28.53148148148148,48.13373253493014,0.0,71.77900552486187,82.30303030303031,115.80882352941175,0.0,5.716666666666666,0.0,0.0,4.022988505747125,0.0,36.07692307692307
2020-11-14,8.946188340807174,23.5537037037037,38.97962962962962,59.031936127744515,0.0,60.5635359116022,55.15151515151515,0.0,0.0,5.580555555555555,0.0,0.0,5.14942528735632,0.0,0.0
2020-11-15,9.363057324840758,28.941176470588232,31.562724014336915,72.58959537572255,0.0,93.0635838150289,87.8615702479339,62.611111111111114,0.0,7.379518072289155,0.0,0.0,5.673684210526314,0.0,21.72602739726027
2020-11-16,10.552016985137998,23.64705882352941,35.40143369175627,67.00578034682081,0.0,65.14450867052024,79.18388429752066,0.0,2.680851063829779,9.003012048192769,26.72199170124481,110.5402843601896,6.705263157894734,0.0,26.0
2020-11-17,9.363057324840758,23.999999999999996,39.24014336917563,66.07514450867052,0.0,74.45086705202313,77.01446280991736,94.41358024691358,1.519148936170208,12.249999999999998,15.684647302904562,68.80568720379148,5.673684210526314,0.0,30.273972602739725
2020-11-18,6.985138004246281,35.29411764705882,31.989247311827956,67.9364161849711,199.76923076923077,64.21387283236994,98.70867768595042,86.46296296296298,0.0,9.003012048192769,22.655601659751035,0.0,5.802631578947366,0.0,27.424657534246577
2020-11-19,8.322717622080674,19.76470588235294,34.54838709677419,63.283236994219656,0.0,50.25433526011561,40.13429752066117,0.0,1.25106382978723,4.427710843373493,37.17842323651452,58.65402843601896,8.252631578947366,48.55944055944056,26.712328767123285
2020-11-20,10.552016985137998,16.941176470588232,31.562724014336915,66.07514450867052,0.0,93.0635838150289,69.42148760330579,0.0,1.548936170212761,3.8373493975903608,37.759336099585056,0.0,9.155263157894732,63.44055944055944,31.342465753424655
2020-11-21,14.86199575371549,19.41176470588235,33.69534050179211,80.03468208092485,171.2307692307692,42.809248554913296,72.67561983471074,78.51234567901236,0.0,3.0993975903614452,0.0,0.0,7.736842105263156,0.0,18.52054794520548
2020-11-22,9.410681399631676,32.56458333333333,35.58434782608696,93.8,0.0,66.55737704918033,87.14728682170544,66.41025641025641,0.0,7.225806451612901,16.94736842105263,0.0,7.9953379953379935,0.0,40.17553191489361
2020-11-23,9.152854511970537,25.797916666666666,36.03478260869566,85.35799999999999,0.0,62.12021857923498,75.2093023255814,45.769230769230774,3.7058823529411753,7.999999999999998,22.878947368421052,71.18867924528301,7.88111888111888,39.45789473684211,0.0
2020-11-24,11.988950276243097,30.449999999999996,36.48521739130435,58.156,0.0,37.715846994535525,70.43410852713178,52.05128205128205,0.0,6.709677419354837,27.11578947368421,0.0,5.482517482517482,40.08421052631579,34.36702127659574
2020-11-25,11.34438305709024,29.604166666666664,39.63826086956522,55.342,0.0,46.59016393442624,68.04651162790698,63.71794871794872,0.0,9.032258064516126,15.252631578947367,74.88679245283018,8.109557109557107,0.0,38.723404255319146
2020-11-26,8.250460405156538,23.68333333333333,35.58434782608696,45.024,0.0,61.01092896174864,95.50387596899226,72.6923076923077,0.0,5.93548387096774,33.47105263157895,78.58490566037734,6.053613053613052,0.0,29.526595744680847
2020-11-27,8.121546961325967,27.066666666666663,33.78260869565218,61.907999999999994,0.0,59.9016393442623,100.27906976744188,49.35897435897436,3.2941176470588225,10.322580645161288,21.607894736842105,69.33962264150942,6.853146853146852,39.45789473684211,39.20744680851063
2020-11-28,11.731123388581953,33.83333333333333,41.8904347826087,69.41199999999999,0.0,72.10382513661203,119.37984496124032,0.0,0.0,8.774193548387094,23.726315789473684,0.0,6.6247086247086235,0.0,0.0
2020-11-29,9.362139917695467,41.86915887850467,33.04195804195804,64.37704918032789,0.0,0.0,68.422131147541,87.67395626242545,0.0,0.0,0.0,40.950718685831625,5.274549098196388,33.0188679245283,20.764044943820224
2020-11-30,11.954732510288055,27.63364485981308,44.05594405594406,77.63114754098362,0.0,70.0,109.73360655737706,59.618290258449306,2.566666666666663,5.6000000000000005,26.323119777158777,35.63244353182752,11.222444889779547,0.0,19.46629213483146
2020-12-01,8.930041152263367,27.63364485981308,36.56643356643357,54.909836065573785,0.0,64.0677966101695,109.73360655737706,48.220675944334,2.0533333333333306,9.13684210526316,35.27298050139276,31.909650924024643,9.875751503006004,22.12264150943396,35.90449438202247
2020-12-02,7.921810699588471,35.17009345794392,36.12587412587413,63.43032786885247,0.0,61.69491525423729,100.69672131147544,66.63220675944333,2.2399999999999967,9.431578947368422,52.64623955431755,37.22792607802875,7.406813627254503,31.367924528301884,27.25280898876404
2020-12-03,9.794238683127563,29.727102803738315,33.04195804195804,62.483606557377065,0.0,37.96610169491525,90.3688524590164,48.220675944334,2.6133333333333297,12.96842105263158,35.27298050139276,38.291581108829575,7.182364729458912,24.764150943396224,28.983146067415728
2020-12-04,12.818930041152257,26.79626168224299,30.83916083916084,53.96311475409837,392.0,43.89830508474576,72.29508196721312,68.38568588469185,2.33333333333333,7.957894736842106,39.48467966573816,30.31416837782341,8.304609218436866,28.72641509433962,21.629213483146064
2020-12-05,9.218106995884767,35.17009345794392,38.32867132867133,85.2049180327869,0.0,72.3728813559322,78.75000000000001,62.24850894632207,2.1933333333333302,10.905263157894735,0.0,44.673511293634505,6.73346693386773,0.0,0.0
2020-12-06,10.559999999999995,33.153700189753316,31.392491467576793,75.96869244935543,0.0,55.84487534626039,73.24028268551237,64.04113924050633,5.28301886792452,6.89655172413793,31.18020304568528,39.62903225806451,5.764705882352938,0.0,20.269938650306745
2020-12-07,14.519999999999994,30.60341555977229,34.83276450511946,77.79926335174954,0.0,63.988919667590025,63.8904593639576,64.04113924050633,3.1698113207547123,7.172413793103447,32.619289340101524,50.32258064516129,7.806372549019603,24.4353562005277,24.049079754601223
2020-12-08,8.65333333333333,38.254269449715366,38.27303754266212,64.9852670349908,0.0,57.00831024930748,124.6643109540636,84.66455696202532,2.2716981132075436,11.034482758620689,31.18020304568528,0.0,6.124999999999996,37.622691292875984,21.98773006134969
2020-12-09,13.786666666666662,34.00379506641366,37.41296928327645,64.06998158379373,163.90243902439025,67.4792243767313,0.0,70.55379746835443,1.5320754716981109,10.75862068965517,28.30203045685279,62.903225806451616,8.767156862745093,23.659630606860155,34.35582822085889
2020-12-10,9.09333333333333,33.153700189753316,35.262798634812285,59.49355432780847,0.0,46.53739612188366,73.24028268551237,0.0,0.0,6.344827586206895,40.7741116751269,37.74193548387097,7.205882352941171,32.192612137203156,24.049079754601223
2020-12-11,9.239999999999997,23.37760910815939,34.40273037542662,75.96869244935543,0.0,74.45983379501385,0.0,0.0,1.7433962264150915,5.517241379310343,24.944162436548226,40.88709677419355,7.205882352941171,0.0,18.552147239263803
2020-12-12,11.146666666666665,31.453510436432634,40.42320819112628,78.7145488029466,256.0975609756098,54.6814404432133,105.96466431095406,59.699367088607595,0.0,8.275862068965516,0.0,41.516129032258064,6.124999999999996,29.089709762532976,24.7361963190184
2020-12-13,7.808764940239043,21.200883002207505,31.970760233918128,56.53846153846155,0.0,74.13194444444446,63.875,84.60693641618496,0.0,9.19672131147541,24.241610738255037,44.49126637554585,8.126237623762371,0.0,19.96883852691218
2020-12-14,11.155378486055776,31.584988962472405,37.82456140350877,62.1923076923077,0.0,67.21296296296298,105.9744318181818,0.0,1.2488262910798116,6.40983606557377,19.731543624161077,0.0,7.03465346534653,0.0,23.35977337110481
2020-12-15,9.760956175298803,31.584988962472405,31.970760233918128,59.36538461538462,342.99999999999994,52.38657407407408,91.45738636363636,62.9393063583815,1.1173708920187788,26.196721311475407,0.0,49.50436681222707,6.913366336633659,0.0,17.331444759206796
2020-12-16,8.92430278884462,31.584988962472405,33.32163742690058,65.01923076923077,0.0,49.421296296296305,111.78125,91.82947976878611,0.0,27.86885245901639,15.78523489932886,41.984716157205234,6.428217821782174,51.57894736842106,20.3456090651558
2020-12-17,9.760956175298803,25.527593818984545,34.22222222222222,77.26923076923077,0.0,57.32870370370371,0.0,63.971098265895954,1.018779342723004,17.83606557377049,24.241610738255037,58.903930131004365,6.913366336633659,46.42105263157895,15.447592067988666
2020-12-18,13.386454183266933,25.527593818984545,32.87134502923976,61.25000000000001,0.0,52.38657407407408,74.03693181818181,53.653179190751445,1.3145539906103278,15.885245901639342,0.0,35.71834061135371,7.5198019801980145,0.0,36.54674220963173
2020-12-19,9.203187250996017,28.98896247240618,28.818713450292396,59.36538461538462,0.0,74.13194444444446,63.875,0.0,2.3004694835680737,15.606557377049178,0.0,56.39737991266375,6.06435643564356,0.0,0.0
2020-12-20,15.53571428571428,33.79310344827586,36.060606060606055,90.89147286821706,0.0,0.0,78.73722627737226,0.0,3.289999999999995,19.81132075471698,0.0,105.98591549295774,5.758064516129032,0.0,56.0
2020-12-21,8.928571428571425,22.126436781609193,36.48484848484848,64.53294573643412,0.0,71.88528678304239,79.91240875912409,0.0,2.029999999999997,12.877358490566037,0.0,59.352112676056336,6.435483870967741,0.0,0.0
2020-12-22,8.392857142857139,28.563218390804593,36.060606060606055,41.810077519379846,0.0,76.94763092269326,78.73722627737226,96.20731707317074,1.6799999999999975,10.30188679245283,0.0,0.0,6.266129032258064,0.0,56.0
2020-12-23,9.28571428571428,26.954022988505745,29.696969696969695,70.89534883720931,0.0,42.52369077306733,83.43795620437956,0.0,0.0,7.132075471698113,0.0,0.0,6.096774193548387,0.0,0.0
2020-12-24,7.678571428571425,31.379310344827584,25.030303030303028,83.62015503875969,357.0,80.99750623441396,92.83941605839416,131.5487804878049,0.0,0.0,0.0,67.83098591549296,5.25,0.0,0.0
2020-12-25,12.142857142857135,31.379310344827584,36.90909090909091,63.624031007751945,0.0,59.7356608478803,0.0,0.0,0.0,0.0,0.0,67.83098591549296,6.096774193548387,0.0,0.0
2020-12-26,8.035714285714283,35.80459770114942,37.75757575757575,53.62596899224807,0.0,73.91022443890274,69.33576642335767,94.2439024390244,0.0,12.877358490566037,0.0,0.0,6.096774193548387,0.0,0.0
2020-12-27,13.94499017681729,39.01639344262295,38.651685393258425,54.77060931899642,0.0,67.39823008849558,83.92631578947368,106.24365482233505,0.0,8.362831858407077,0.0,68.0,4.972677595628415,0.0,35.0
2020-12-28,10.726915520628683,33.94426229508196,41.79775280898876,87.26164874551972,0.0,105.30973451327436,97.70526315789472,73.90862944162437,8.366533864541829,7.805309734513271,0.0,0.0,19.12568306010929,56.0,28.583333333333336
2020-12-29,13.587426326129666,34.334426229508196,40.89887640449438,77.05017921146954,0.0,87.4070796460177,90.18947368421053,115.48223350253808,7.36254980079681,6.504424778761059,0.0,0.0,17.21311475409836,0.0,30.333333333333336
2020-12-30,15.017681728880158,29.65245901639344,44.9438202247191,73.33691756272403,0.0,51.60176991150443,112.73684210526316,73.90862944162437,2.7609561752988037,7.433628318584068,0.0,0.0,8.60655737704918,0.0,0.0
2020-12-31,14.302554027504913,30.04262295081967,31.91011235955056,72.40860215053765,0.0,54.76106194690266,0.0,0.0,0.0,5.761061946902653,0.0,0.0,5.355191256830601,0.0,0.0
2021-01-01,10.548133595284872,32.773770491803276,38.20224719101123,91.90322580645164,0.0,53.70796460176992,116.49473684210524,0.0,2.509960159362549,0.0,0.0,99.57142857142856,7.841530054644808,0.0,0.0
2021-01-02,12.87229862475442,38.23606557377049,43.59550561797753,61.26881720430108,0.0,55.814159292035406,93.94736842105264,85.45685279187818,0.0,6.132743362831856,0.0,70.42857142857142,6.885245901639344,0.0,39.083333333333336
2021-01-03,13.109913793103445,30.10266159695817,42.903225806451616,73.28294573643413,0.0,68.04387990762126,76.73584905660377,0.0,0.0,6.405228758169931,0.0,44.666666666666664,6.728873239436618,0.0,27.591240875912405
2021-01-04,5.144396551724136,26.629277566539923,37.032258064516135,78.23449612403103,0.0,61.14087759815243,76.73584905660377,59.60233918128656,4.021276595744679,6.725490196078429,14.444444444444445,53.33333333333333,7.073943661971829,0.0,34.87226277372262
2021-01-05,10.45474137931034,24.699619771863116,38.38709677419355,70.31201550387598,0.0,68.04387990762126,75.51781970649895,63.04093567251463,2.9787234042553177,6.245098039215684,13.555555555555555,54.666666666666664,6.556338028169013,0.0,32.95620437956204
2021-01-06,13.44181034482758,33.57604562737642,36.12903225806452,73.28294573643413,195.7247191011236,37.47344110854504,74.29979035639413,63.04093567251463,0.0,6.084967320261435,19.11111111111111,34.666666666666664,7.246478873239435,0.0,32.57299270072992
2021-01-07,12.280172413793098,27.015209125475284,36.12903225806452,79.22480620155041,0.0,75.93302540415706,77.9538784067086,64.18713450292398,0.0,8.807189542483655,20.88888888888889,36.0,7.591549295774646,98.0,25.67518248175182
2021-01-08,11.118534482758616,28.173003802281368,34.7741935483871,60.408914728682184,245.2752808988764,61.14087759815243,81.60796645702307,57.309941520467845,0.0,7.686274509803918,12.0,34.0,6.038732394366196,0.0,34.10583941605839
2021-01-09,11.450431034482754,32.8041825095057,40.645161290322584,76.25387596899226,0.0,55.22401847575059,118.14884696016772,84.8187134502924,0.0,7.045751633986925,18.0,36.666666666666664,7.764084507042252,0.0,22.226277372262768
2021-01-10,10.93048128342246,31.284615384615385,38.71508379888269,85.60634328358209,0.0,69.57772621809745,118.0232558139535,107.15675675675678,0.0,4.753731343283582,18.109452736318406,0.0,5.521126760563379,0.0,44.83471074380165
2021-01-11,12.87700534759358,25.630769230769232,36.134078212290504,77.49626865671642,0.0,39.90487238979119,105.0406976744186,68.0891891891892,2.2,8.593283582089553,0.0,44.19402985074627,7.073943661971829,0.0,30.935950413223136
2021-01-12,13.176470588235292,26.76153846153846,33.55307262569833,68.48507462686567,94.13793103448276,42.97447795823666,95.59883720930232,66.97297297297298,0.0,5.119402985074627,25.631840796019898,43.25373134328358,7.246478873239435,0.0,38.55785123966942
2021-01-13,10.181818181818182,26.007692307692302,30.541899441340785,59.473880597014926,134.07523510971788,60.36890951276102,68.45348837209303,61.3918918918919,0.0,7.496268656716418,18.94527363184079,51.71641791044777,7.591549295774646,84.0,39.902892561983464
2021-01-14,14.97326203208556,28.26923076923077,26.670391061452516,65.78171641791045,119.81191222570531,83.90255220417633,66.09302325581396,0.0,2.5,4.57089552238806,27.86069651741293,0.0,6.556338028169013,0.0,37.66115702479338
2021-01-15,13.026737967914436,29.776923076923076,33.55307262569833,71.18843283582089,0.0,87.9953596287703,70.81395348837209,44.64864864864865,2.3000000000000003,9.32462686567164,21.45273631840796,94.02985074626866,8.799295774647886,0.0,25.107438016528924
2021-01-16,8.834224598930481,28.26923076923077,31.832402234636874,54.968283582089555,106.97492163009404,56.27610208816706,84.97674418604652,64.74054054054055,0.0,9.14179104477612,0.0,81.80597014925374,6.211267605633801,0.0,0.0
2021-01-17,11.345410628019325,29.840830449826992,35.15217391304348,67.93525179856115,0.0,46.11581291759465,72.62273901808786,61.96449704142013,0.0,4.489528795811517,0.0,51.19294605809128,4.121495327102803,0.0,28.980544747081705
2021-01-18,13.391304347826086,21.36332179930796,30.130434782608695,79.55575539568345,0.0,47.02004454342984,64.70025839793281,55.392504930966474,0.0,5.13089005235602,34.306930693069305,34.81120331950207,4.808411214953271,46.05263157894737,35.46303501945525
2021-01-19,7.253623188405797,29.50173010380623,34.315217391304344,65.25359712230215,86.78966789667896,54.253897550111354,100.3514211886305,70.41420118343196,2.081081081081081,6.413612565445025,0.0,51.87551867219916,4.350467289719625,0.0,28.599221789883263
2021-01-20,9.671497584541063,30.179930795847753,28.456521739130434,61.67805755395683,82.45018450184502,55.15812917594654,79.2248062015504,90.1301775147929,0.0,8.465968586387433,21.138613861386137,40.954356846473026,7.785046728971961,58.94736842105263,27.455252918287933
2021-01-21,13.019323671497585,27.128027681660903,33.47826086956522,67.04136690647482,0.0,47.92427616926503,68.66149870801033,71.35305719921105,0.0,8.465968586387433,34.65346534653465,43.68464730290456,9.731308411214952,0.0,17.540856031128403
2021-01-22,13.205314009661835,27.128027681660903,34.733695652173914,78.66187050359713,78.11070110701107,66.00890868596882,73.94315245478036,81.68047337278108,4.918918918918919,8.209424083769632,14.9009900990099,62.11410788381742,10.303738317757007,0.0,37.369649805447466
2021-01-23,9.11352657004831,30.85813148788928,34.733695652173914,76.87410071942446,144.64944649446494,89.51893095768374,51.49612403100775,45.06508875739645,0.0,7.82460732984293,0.0,44.36721991701244,7.899532710280373,0.0,20.591439688715948
2021-01-24,11.999999999999996,28.69883527454243,28.92521739130435,67.8950177935943,0.0,51.296875,72.47058823529413,0.0,0.0,6.93,17.950684931506846,48.164859002169194,6.885245901639345,0.0,46.99074074074074
2021-01-25,13.913043478260864,24.133111480865225,36.813913043478266,61.01957295373665,105.056,55.125,51.6078431372549,42.138271604938275,1.5238095238095233,4.83,17.950684931506846,78.95878524945769,8.721311475409838,0.0,36.18287037037037
2021-01-26,10.608695652173909,30.32945091514143,34.622608695652175,71.33274021352312,116.312,61.25,0.0,66.8716049382716,1.7142857142857135,6.194999999999999,22.0931506849315,68.6941431670282,7.803278688524591,37.69230769230769,32.89351851851852
2021-01-27,14.434782608695649,29.67720465890183,40.32,66.17615658362989,105.056,42.875,47.21568627450981,56.79506172839506,0.0,5.5649999999999995,0.0,53.691973969631235,8.721311475409838,0.0,37.59259259259259
2021-01-28,10.086956521739127,30.00332778702163,31.116521739130437,85.94306049822063,0.0,72.734375,102.11764705882354,61.37530864197531,0.0,6.614999999999999,31.06849315068492,61.58785249457701,7.619672131147542,0.0,25.375
2021-01-29,12.69565217391304,28.37271214642263,36.375652173913046,62.738434163701065,0.0,49.765625,51.6078431372549,76.94814814814815,2.38095238095238,5.04,17.60547945205479,0.0,8.629508196721313,67.3076923076923,23.965277777777775
2021-01-30,10.260869565217387,24.785357737104825,43.82608695652174,67.8950177935943,142.576,58.953125,66.98039215686275,66.8716049382716,1.3809523809523805,6.825,19.331506849315065,52.90238611713666,7.619672131147542,0.0,0.0
2021-01-31,9.85819070904645,25.53637901861252,42.31433506044905,62.592369477911646,0.0,56.608695652173914,126.81159420289852,54.689655172413794,0.0,4.778202676864246,0.0,71.3968957871397,8.352542372881352,0.0,34.05739514348786
2021-02-01,15.40342298288508,26.199661590524535,32.158894645941274,66.87951807228916,0.0,63.17202268431002,64.67391304347825,42.13793103448276,2.582887700534759,7.214149139579351,14.268292682926829,0.0,9.49152542372881,0.0,36.29801324503311
2021-02-02,7.239608801955987,26.86294416243655,32.158894645941274,65.16465863453816,0.0,63.17202268431002,78.6231884057971,64.55172413793103,2.4705882352941173,6.933078393881455,14.999999999999998,56.40354767184036,8.92203389830508,0.0,38.53863134657837
2021-02-03,6.623471882640584,29.84771573604061,38.082901554404145,56.59036144578313,115.12690355329948,72.19659735349717,82.42753623188405,55.58620689655172,0.0,9.36902485659656,26.34146341463414,69.2549889135255,8.92203389830508,105.0,21.061810154525386
2021-02-04,6.469437652811733,29.84771573604061,35.12089810017271,48.01606425702811,140.0710659898477,54.14744801512288,76.08695652173913,57.37931034482759,0.0,5.902485659655833,25.975609756097555,50.69179600886918,8.067796610169488,0.0,33.60927152317881
2021-02-05,8.471882640586793,33.16412859560068,28.350604490500864,56.59036144578313,0.0,45.94328922495274,96.37681159420288,45.72413793103448,1.9465240641711228,6.464627151051626,23.41463414634146,37.84035476718404,7.023728813559319,0.0,18.821192052980138
2021-02-06,8.933985330073346,24.5414551607445,36.81347150259067,71.16666666666667,122.8020304568528,78.75992438563327,0.0,43.93103448275862,0.0,8.338432122370937,0.0,36.41241685144124,5.220338983050845,0.0,20.613686534216335
2021-02-07,12.558823529411766,30.657754010695182,40.90219224283305,78.6998087954111,132.29999999999998,79.72972972972973,93.5741935483871,97.4304068522484,0.0,14.933333333333328,18.602362204724407,54.92307692307693,6.029296875,0.0,28.924205378973102
2021-02-08,10.911764705882351,24.59358288770053,29.333895446880273,72.14149139579351,0.0,63.78378378378378,75.7505376344086,41.89507494646681,0.0,13.999999999999996,25.629921259842515,54.09090909090909,7.369140625,0.0,29.81418092909535
2021-02-09,6.794117647058824,25.604278074866308,37.18381112984823,62.77246653919695,105.84,42.25675675675676,73.5225806451613,56.50963597430407,0.0,10.42222222222222,0.0,61.58041958041958,5.837890625,84.0,19.13447432762836
2021-02-10,9.264705882352942,30.657754010695182,32.63912310286678,61.83556405353729,0.0,35.08108108108108,56.81290322580645,57.48394004282655,0.0,0.0,15.708661417322832,43.27272727272727,8.0390625,0.0,33.81907090464548
2021-02-11,5.970588235294118,27.96256684491978,30.573355817875218,78.6998087954111,0.0,51.82432432432432,73.5225806451613,62.355460385438974,0.0,9.64444444444444,23.9763779527559,64.9090909090909,7.177734375,0.0,25.364303178484107
2021-02-12,9.882352941176473,26.95187165775401,33.05227655986509,63.709369024856606,139.86,72.55405405405405,67.95268817204301,85.73875802997858,0.0,0.0,21.08267716535433,78.22377622377623,7.2734375,0.0,20.91442542787286
2021-02-13,14.61764705882353,22.572192513368982,41.31534569983137,72.14149139579351,0.0,67.77027027027027,76.86451612903225,53.58672376873662,0.0,0.0,0.0,0.0,7.2734375,0.0,24.029339853300733
2021-02-14,0.0,27.211650485436895,40.833333333333336,70.11382113821136,0.0,66.35106382978724,65.51441241685143,61.373390557939906,0.0,5.257990867579906,0.0,0.0,7.334513274336282,0.0,0.0
2021-02-15,12.328358208955224,27.56504854368932,32.4910394265233,62.82926829268292,0.0,70.4468085106383,54.075388026607534,0.0,0.0,7.047945205479448,24.27522935779816,74.20469798657719,8.424778761061946,0.0,23.07558139534884
2021-02-16,15.044776119402984,25.798058252427182,40.39426523297492,61.008130081300806,0.0,72.90425531914894,80.07317073170731,75.53648068669527,0.0,7.495433789954334,0.0,42.14093959731544,8.821238938053096,0.0,37.90988372093023
2021-02-17,9.82089552238806,25.798058252427182,39.95519713261649,68.29268292682926,0.0,70.4468085106383,69.6740576496674,66.09442060085836,0.0,6.488584474885841,25.04587155963302,0.0,8.821238938053096,0.0,45.60174418604651
2021-02-18,13.791044776119405,29.685436893203885,37.320788530465954,70.11382113821136,378.0,77.81914893617021,51.99556541019955,71.99570815450643,4.1999999999999975,7.9429223744292194,28.899082568807337,47.63758389261746,8.920353982300883,0.0,40.656976744186046
2021-02-19,9.82089552238806,23.324271844660196,25.905017921146957,52.81300813008129,0.0,67.17021276595744,45.7560975609756,0.0,2.7999999999999985,6.041095890410956,18.495412844036693,40.30872483221477,9.316814159292036,0.0,41.75581395348837
2021-02-20,9.194029850746269,22.61747572815534,28.10035842293907,62.82926829268292,0.0,36.861702127659576,101.91130820399113,0.0,0.0,8.72602739726027,29.284403669724764,68.70805369127517,4.361061946902654,0.0,0.0
2021-02-21,40.12738853503185,20.156028368794324,32.355555555555554,81.4,195.03816793893128,86.15384615384615,90.56148491879352,0.0,0.0,8.086956521739127,0.0,0.0,7.27017543859649,0.0,0.0
2021-02-22,21.6687898089172,30.71394799054373,32.97777777777778,72.94285714285715,99.46946564885496,61.02564102564102,66.26450116009282,0.0,4.038461538461538,7.434782608695649,16.745508982035926,41.14503816793893,8.252631578947367,29.77215189873418,26.25
2021-02-23,14.847133757961783,31.193853427895977,30.48888888888889,57.08571428571429,101.41984732824427,65.51282051282051,37.54988399071926,0.0,0.0,7.043478260869562,15.320359281437124,33.040712468193384,5.894736842105262,0.0,37.22727272727273
2021-02-24,11.636942675159236,34.07328605200945,29.244444444444444,77.17142857142858,0.0,78.07692307692307,79.51740139211138,0.0,0.0,8.608695652173909,31.70958083832335,34.910941475826974,7.663157894736841,0.0,31.022727272727273
2021-02-25,15.649681528662422,28.3144208037825,41.06666666666667,71.88571428571429,0.0,36.79487179487179,89.4570765661253,0.0,2.9615384615384612,0.0,23.87125748502994,52.36641221374045,8.645614035087718,38.45569620253165,42.0
2021-02-26,11.235668789808916,23.99527186761229,37.95555555555555,81.4,0.0,50.25641025641025,54.11600928074247,0.0,0.0,4.956521739130433,13.895209580838324,38.651399491094146,8.056140350877191,0.0,31.97727272727273
2021-02-27,10.8343949044586,34.553191489361694,47.91111111111111,76.11428571428571,115.07251908396948,77.17948717948717,58.53364269141532,0.0,0.0,5.869565217391302,17.45808383233533,44.8854961832061,10.21754385964912,29.77215189873418,20.522727272727273
2021-02-28,9.37037037037037,27.712082262210796,37.69230769230769,82.1353065539112,427.0,55.0019801980198,75.33027522935781,0.0,2.2,7.688524590163932,0.0,0.0,8.038575667655785,0.0,46.76785714285714
2021-03-01,13.037037037037036,31.74293059125964,35.742705570291776,90.89640591966172,0.0,55.0019801980198,55.67889908256881,0.0,2.6,7.459016393442621,21.230046948356804,52.63496143958869,10.468842729970325,0.0,26.51785714285714
2021-03-02,12.62962962962963,26.704370179948587,34.44297082228117,68.99365750528541,0.0,75.4059405940594,75.33027522935781,0.0,0.0,6.081967213114752,24.97652582159624,37.19537275064267,8.786350148367951,0.0,31.33928571428571
2021-03-03,6.111111111111111,21.161953727506425,29.893899204244033,70.08879492600423,0.0,51.45346534653466,81.88073394495413,0.0,0.0,8.721311475409832,31.2206572769953,38.59897172236504,8.973293768545993,0.0,27.482142857142858
2021-03-04,11.407407407407408,31.239074550128535,35.09283819628647,71.18393234672304,0.0,73.63168316831683,78.60550458715598,0.0,2.2,4.81967213114754,24.66431924882629,47.02056555269923,8.973293768545993,0.0,32.30357142857142
2021-03-05,15.074074074074073,23.177377892030847,29.893899204244033,63.51797040169133,0.0,53.227722772277225,65.5045871559633,0.0,0.0,7.229508196721309,14.049295774647884,49.12596401028278,8.59940652818991,91.0,24.58928571428571
2021-03-06,9.37037037037037,34.26221079691516,42.241379310344826,71.18393234672304,0.0,84.27722772277228,43.669724770642205,0.0,0.0,0.0,16.859154929577464,48.4241645244216,9.160237388724031,0.0,0.0
2021-03-07,11.865470852017935,31.74089068825911,43.24380165289256,68.66531440162271,0.0,72.22792607802874,103.34393638170974,0.0,0.0,7.231132075471698,0.0,0.0,9.973118279569892,0.0,29.826086956521735
2021-03-08,11.865470852017935,37.69230769230769,47.900826446280995,86.38539553752534,111.36363636363636,83.78439425051334,87.95228628230616,0.0,2.578947368421052,5.646226415094339,16.099999999999998,0.0,12.043010752688172,0.0,33.31225296442687
2021-03-09,14.062780269058294,36.7004048582996,49.231404958677686,76.41784989858012,169.27272727272728,76.08008213552361,53.87077534791252,0.0,2.7017543859649114,5.646226415094339,22.049999999999997,91.54901960784314,8.844086021505376,0.0,25.565217391304344
2021-03-10,11.426008968609864,31.244939271255063,39.917355371900825,77.52535496957402,0.0,40.4476386036961,80.25646123260437,0.0,1.9649122807017536,6.2405660377358485,21.0,69.45098039215686,8.655913978494624,0.0,37.57312252964426
2021-03-11,15.381165919282507,33.7246963562753,44.574380165289256,85.27789046653143,0.0,46.2258726899384,58.26838966202783,0.0,1.4736842105263153,0.0,26.95,77.86928104575163,9.220430107526882,0.0,25.95256916996047
2021-03-12,13.18385650224215,29.757085020242915,46.570247933884296,70.88032454361054,0.0,70.30184804928132,101.14512922465208,0.0,2.210526315789473,9.90566037735849,18.9,83.13071895424837,11.102150537634408,0.0,17.043478260869563
2021-03-13,20.215246636771298,44.13967611336032,50.56198347107438,80.84787018255578,209.36363636363637,79.93223819301848,68.16302186878727,0.0,3.07017543859649,7.330188679245283,0.0,0.0,10.161290322580646,0.0,26.727272727272723
2021-03-14,11.477477477477477,32.911602209944746,53.63855421686746,79.8,103.0995475113122,92.831541218638,62.87954110898662,0.0,2.6666666666666665,5.402912621359222,0.0,43.65393794749403,11.245049504950495,0.0,37.05039787798408
2021-03-15,13.243243243243242,32.911602209944746,51.084337349397586,64.05,67.75113122171945,66.83870967741936,103.63479923518165,0.0,2.888888888888889,4.893203883495144,17.312977099236637,43.65393794749403,13.722772277227724,0.0,31.3209549071618
2021-03-16,14.567567567567565,32.43462246777163,44.69879518072289,74.55,129.61085972850677,67.76702508960574,73.35946462715106,0.0,2.444444444444444,6.626213592233007,11.221374045801523,35.83532219570406,10.292079207920793,49.77777777777778,27.883289124668433
2021-03-17,14.126126126126124,33.865561694290975,54.27710843373494,79.8,73.64253393665157,90.97491039426524,55.892925430210326,0.0,1.5555555555555554,7.1359223300970855,18.91603053435114,52.775656324582336,12.198019801980198,55.22222222222222,31.70291777188329
2021-03-18,15.009009009009006,40.543278084714544,63.85542168674698,89.25,76.58823529411764,62.197132616487465,96.64818355640536,0.0,1.8888888888888888,5.606796116504853,17.312977099236637,34.53221957040573,9.14851485148515,0.0,28.265251989389917
2021-03-19,12.8018018018018,41.97421731123388,51.084337349397586,86.10000000000001,98.68099547511312,74.2652329749104,116.44359464627152,0.0,2.5555555555555554,6.830097087378639,19.23664122137404,62.54892601431981,9.910891089108912,0.0,32.84880636604775
2021-03-20,16.774774774774773,44.35911602209944,52.36144578313253,93.45,101.62669683257916,63.12544802867384,100.14149139579352,0.0,0.0,5.504854368932037,0.0,0.0,10.482673267326732,0.0,26.355437665782492
2021-03-21,0.0,0.0,0.0,0.0,0.0,0.0,0.0,0.0,0.0,0.0,0.0,0.0,0.0,0.0,34.37665782493369
2021-03-22,0.0,0.0,0.0,0.0,0.0,0.0,0.0,0.0,0.0,0.0,0.0,0.0,0.0,0.0,38.196286472148536
